code,name,closing_price,financing_lots,short_lots,financing_shares,short_shares,financing_value,short_value,fin_to_short_ratio,fin_to_short_pct,financing_maint_pct
0050,元大台灣50,63.3,8743,1665,8743000,1665000,553431900.0,105394500.0,0.1904,19.04,0.20
0051,元大中型100,91.9,4,0,4000,0,367600.0,0.0,,,0.00
0052,富邦科技,254.85,535,1,535000,1000,136344750.0,254850.0,0.0019,0.19,0.05
0053,元大電子,140.0,8,0,8000,0,1120000.0,0.0,,,0.00
0055,元大MSCI金融,30.85,6,0,6000,0,185100.0,0.0,,,0.00
0056,元大高股息,36.95,4724,66,4724000,66000,174551800.0,2438700.0,0.014,1.40,0.06
0061,元大寶滬深,22.51,343,0,343000,0,7720930.0,0.0,,,0.00
006205,富邦上証,38.71,565,1,565000,1000,21871150.0,38710.0,0.0018,0.18,0.01
006206,元大上證50,35.66,13,0,13000,0,463580.0,0.0,,,0.00
006207,復華滬深,29.84,20,0,20000,0,596800.0,0.0,,,0.00
006208,富邦台50,148.4,339,10,339000,10000,50307600.0,1484000.0,0.0295,2.95,0.02
00631L,元大台灣50正2,344.75,4577,1745,4577000,1745000,1577920750.0,601588750.0,0.3813,38.13,0.56
00632R,元大台灣50反1,17.06,225395,3744,225395000,3744000,3845238700.0,63872640.0,0.0166,1.66,1.36
00633L,富邦上証正2,50.6,12488,2247,12488000,2247000,631892800.0,113698200.0,0.1799,17.99,0.22
00634R,富邦上証反1,3.21,1143,135,1143000,135000,3669030.0,433350.0,0.1181,11.81,0.00
00635U,期元大S&P黃金,43.05,8572,197,8572000,197000,369024600.0,8480850.0,0.023,2.30,0.13
00636,國泰中國A50,26.4,254,1,254000,1000,6705600.0,26400.0,0.0039,0.39,0.00
00637L,元大滬深300正2,20.63,128219,15384,128219000,15384000,2645157970.0,317371920.0,0.12,12.00,0.93
00638R,元大滬深300反1,6.76,1258,29,1258000,29000,8504080.0,196040.0,0.0231,2.31,0.00
00639,富邦深100,14.94,1843,27,1843000,27000,27534420.0,403380.0,0.0147,1.47,0.01
00640L,富邦日本正2,73.8,656,68,656000,68000,48412800.0,5018400.0,0.1037,10.37,0.02
00641R,富邦日本反1,4.73,8119,304,8119000,304000,38402870.0,1437920.0,0.0374,3.74,0.01
00642U,期元大S&P石油,15.58,3302,59,3302000,59000,51445160.0,919220.0,0.0179,1.79,0.02
00643,群益深証中小,16.35,2877,8,2877000,8000,47038950.0,130800.0,0.0028,0.28,0.02
00645,富邦日本,46.4,88,0,88000,0,4083200.0,0.0,,,0.00
00646,元大S&P500,65.7,92,5,92000,5000,6044400.0,328500.0,0.0543,5.43,0.00
00647L,元大S&P500正2,115.0,40,2,40000,2000,4600000.0,230000.0,0.05,5.00,0.00
00648R,元大S&P500反1,4.37,15112,145,15112000,145000,66039440.0,633650.0,0.0096,0.96,0.02
00650L,復華香港正2,18.46,26028,3075,26028000,3075000,480476880.0,56764500.0,0.1181,11.81,0.17
00651R,復華香港反1,5.21,2970,83,2970000,83000,15473700.0,432430.0,0.0279,2.79,0.01
00652,富邦印度,36.72,38,0,38000,0,1395360.0,0.0,,,0.00
00653L,富邦印度正2,56.85,632,22,632000,22000,35929200.0,1250700.0,0.0348,3.48,0.01
00654R,富邦印度反1,6.3,858,140,858000,140000,5405400.0,882000.0,0.1632,16.32,0.00
00655L,國泰中國A50正2,35.25,5295,832,5295000,832000,186648750.0,29328000.0,0.1571,15.71,0.07
00656R,國泰中國A50反1,5.98,581,15,581000,15000,3474380.0,89700.0,0.0258,2.58,0.00
00657,國泰日經225,59.95,3,0,3000,0,179850.0,0.0,,,0.00
00660,元大歐洲50,40.63,12,0,12000,0,487560.0,0.0,,,0.00
00661,元大日經225,65.65,36,0,36000,0,2363400.0,0.0,,,0.00
00662,富邦NASDAQ,101.9,528,6,528000,6000,53803200.0,611400.0,0.0114,1.14,0.02
00663L,國泰臺灣加權正2,44.82,4511,1789,4511000,1789000,202183020.0,80182980.0,0.3966,39.66,0.07
00664R,國泰臺灣加權反1,2.77,108108,586,108108000,586000,299459160.0,1623220.0,0.0054,0.54,0.11
00665L,富邦恒生國企正2,11.67,87878,9211,87878000,9211000,1025536260.0,107492370.0,0.1048,10.48,0.36
00666R,富邦恒生國企反1,8.56,1196,12,1196000,12000,10237760.0,102720.0,0.01,1.00,0.00
00668,國泰美國道瓊,53.2,20,0,20000,0,1064000.0,0.0,,,0.00
00669R,國泰美國道瓊反1,5.78,16692,100,16692000,100000,96479760.0,578000.0,0.006,0.60,0.03
00670L,富邦NASDAQ正2,168.6,1135,484,1135000,484000,191361000.0,81602400.0,0.4264,42.64,0.07
00671R,富邦NASDAQ反1,2.83,143946,2377,143946000,2377000,407367180.0,6726910.0,0.0165,1.65,0.14
00675L,富邦臺灣加權正2,136.75,2983,1448,2983000,1448000,407925250.0,198014000.0,0.4854,48.54,0.14
00676R,富邦臺灣加權反1,9.36,12742,79,12742000,79000,119265120.0,739440.0,0.0062,0.62,0.04
00678,群益那斯達克生技,31.98,7,0,7000,0,223860.0,0.0,,,0.00
00680L,元大美債20正2,7.48,257220,506,257220000,506000,1924005600.0,3784880.0,0.002,0.20,0.68
00681R,元大美債20反1,20.47,18,0,18000,0,368460.0,0.0,,,0.00
00682U,期元大美元指數,20.53,7,0,7000,0,143710.0,0.0,,,0.00
00683L,期元大美元指正2,21.46,692,135,692000,135000,14850320.0,2897100.0,0.1951,19.51,0.01
00684R,期元大美元指反1,15.36,98,0,98000,0,1505280.0,0.0,,,0.00
00685L,群益臺灣加權正2,122.95,367,76,367000,76000,45122650.0,9344200.0,0.2071,20.71,0.02
00686R,群益臺灣加權反1,1.68,19982,530,19982000,530000,33569760.0,890400.0,0.0265,2.65,0.01
00688L,國泰20年美債正2,7.46,120999,102,120999000,102000,902652540.0,760920.0,0.0008,0.08,0.32
00689R,國泰20年美債反1,21.19,9,0,9000,0,190710.0,0.0,,,0.00
00690,兆豐藍籌30,44.24,78,0,78000,0,3450720.0,0.0,,,0.00
00692,富邦公司治理,57.0,25,3,25000,3000,1425000.0,171000.0,0.12,12.00,0.00
00693U,期街口S&P黃豆,21.61,11354,1070,11354000,1070000,245359940.0,23122700.0,0.0942,9.42,0.09
00700,富邦恒生國企,18.63,120,0,120000,0,2235600.0,0.0,,,0.00
00701,國泰股利精選30,27.63,610,0,610000,0,16854300.0,0.0,,,0.01
00703,台新MSCI中國,22.33,58,0,58000,0,1295140.0,0.0,,,0.00
00708L,期元大S&P黃金正2,78.05,12110,643,12110000,643000,945185500.0,50186150.0,0.0531,5.31,0.33
00709,富邦歐洲,34.35,21,0,21000,0,721350.0,0.0,,,0.00
00710B,復華彭博非投等債,18.72,2,0,2000,0,37440.0,0.0,,,0.00
00711B,復華彭博新興債,16.3,2,0,2000,0,32600.0,0.0,,,0.00
00712,復華富時不動產,8.88,21932,0,21932000,0,194756160.0,0.0,,,0.07
00713,元大台灣高息低波,51.55,572,1,572000,1000,29486600.0,51550.0,0.0017,0.17,0.01
00714,群益道瓊美國地產,19.77,322,0,322000,0,6365940.0,0.0,,,0.00
00715L,期街口布蘭特正2,10.5,94508,5905,94508000,5905000,992334000.0,62002500.0,0.0625,6.25,0.35
00717,富邦美國特別股,14.74,1,0,1000,0,14740.0,0.0,,,0.00
00728,第一金工業30,36.35,13,0,13000,0,472550.0,0.0,,,0.00
00730,富邦臺灣優質高息,23.21,49,0,49000,0,1137290.0,0.0,,,0.00
00731,復華富時高息低波,67.55,90,0,90000,0,6079500.0,0.0,,,0.00
00733,富邦臺灣中小,47.23,358,1,358000,1000,16908340.0,47230.0,0.0028,0.28,0.01
00735,國泰臺韓科技,49.73,116,0,116000,0,5768680.0,0.0,,,0.00
00737,國泰AI機器人,36.38,84,0,84000,0,3055920.0,0.0,,,0.00
00738U,期元大道瓊白銀,39.97,9354,234,9354000,234000,373879380.0,9352980.0,0.025,2.50,0.13
00752,中信中國50,27.2,777,9,777000,9000,21134400.0,244800.0,0.0116,1.16,0.01
00753L,中信中國50正2,13.44,94458,5386,94458000,5386000,1269515520.0,72387840.0,0.057,5.70,0.45
00757,統一FANG+,122.65,843,104,843000,104000,103393950.0,12755600.0,0.1234,12.34,0.04
00762,元大全球AI,87.2,115,0,115000,0,10028000.0,0.0,,,0.00
00763U,期街口道瓊銅,27.84,770,1,770000,1000,21436800.0,27840.0,0.0013,0.13,0.01
00770,國泰北美科技,57.65,38,0,38000,0,2190700.0,0.0,,,0.00
00771,元大US高息特別股,16.18,1,0,1000,0,16180.0,0.0,,,0.00
00783,富邦中証500,24.41,772,0,772000,0,18844520.0,0.0,,,0.01
00830,國泰費城半導體,57.6,2209,419,2209000,419000,127238400.0,24134400.0,0.1897,18.97,0.04
00850,元大臺灣ESG永續,54.9,36,0,36000,0,1976400.0,0.0,,,0.00
00851,台新全球AI,56.6,2,0,2000,0,113200.0,0.0,,,0.00
00852L,國泰美國道瓊正2,29.58,233,82,233000,82000,6892140.0,2425560.0,0.3519,35.19,0.00
00861,元大全球未來通訊,53.55,2,0,2000,0,107100.0,0.0,,,0.00
00865B,國泰US短期公債,46.16,4,0,4000,0,184640.0,0.0,,,0.00
00875,國泰網路資安,39.55,3,0,3000,0,118650.0,0.0,,,0.00
00876,元大全球5G,49.73,71,0,71000,0,3530830.0,0.0,,,0.00
00878,國泰永續高股息,21.55,5355,30,5355000,30000,115400250.0,646500.0,0.0056,0.56,0.04
00881,國泰台灣科技龍頭,31.61,970,80,970000,80000,30661700.0,2528800.0,0.0825,8.25,0.01
00882,中信中國高股息,15.25,4200,17,4200000,17000,64050000.0,259250.0,0.004,0.40,0.02
00885,富邦越南,16.17,5360,170,5360000,170000,86671200.0,2748900.0,0.0317,3.17,0.03
00891,中信關鍵半導體,19.59,1572,1,1572000,1000,30795480.0,19590.0,0.0006,0.06,0.01
00892,富邦台灣半導體,21.11,64,0,64000,0,1351040.0,0.0,,,0.00
00893,國泰智能電動車,33.29,392,53,392000,53000,13049680.0,1764370.0,0.1352,13.52,0.00
00894,中信小資高價30,27.35,240,5,240000,5000,6564000.0,136750.0,0.0208,2.08,0.00
00895,富邦未來車,39.11,276,29,276000,29000,10794360.0,1134190.0,0.1051,10.51,0.00
00896,中信綠能及電動車,19.55,77,0,77000,0,1505350.0,0.0,,,0.00
00897,富邦基因免疫生技,8.12,46,0,46000,0,373520.0,0.0,,,0.00
00898,國泰基因免疫革命,7.24,79,0,79000,0,571960.0,0.0,,,0.00
00899,FT潔淨能源,21.24,185,0,185000,0,3929400.0,0.0,,,0.00
00900,富邦特選高股息30,13.53,3836,3410,3836000,3410000,51901080.0,46137300.0,0.8889,88.89,0.02
00901,永豐智能車供應鏈,27.46,308,0,308000,0,8457680.0,0.0,,,0.00
00902,中信電池及儲能,13.37,1822,63,1822000,63000,24360140.0,842310.0,0.0346,3.46,0.01
00903,富邦元宇宙,18.05,32,0,32000,0,577600.0,0.0,,,0.00
00904,新光臺灣半導體30,21.5,474,1,474000,1000,10191000.0,21500.0,0.0021,0.21,0.00
00905,FT臺灣Smart,16.97,365,0,365000,0,6194050.0,0.0,,,0.00
00907,永豐優息存股,15.35,114,0,114000,0,1749900.0,0.0,,,0.00
00908,富邦入息REITs+,13.4,1,0,1000,0,13400.0,0.0,,,0.00
00909,國泰數位支付服務,49.36,3111,110,3111000,110000,153558960.0,5429600.0,0.0354,3.54,0.05
00910,第一金太空衛星,40.49,866,9,866000,9000,35064340.0,364410.0,0.0104,1.04,0.01
00911,兆豐洲際半導體,32.68,108,0,108000,0,3529440.0,0.0,,,0.00
00912,中信臺灣智慧50,21.06,21,0,21000,0,442260.0,0.0,,,0.00
00913,兆豐台灣晶圓製造,23.39,1,0,1000,0,23390.0,0.0,,,0.00
00915,凱基優選高股息30,22.44,700,0,700000,0,15708000.0,0.0,,,0.01
00916,國泰全球品牌50,26.96,3,0,3000,0,80880.0,0.0,,,0.00
00917,中信特選金融,23.5,19,0,19000,0,446500.0,0.0,,,0.00
00918,大華優利高填息30,22.86,3872,2,3872000,2000,88513920.0,45720.0,0.0005,0.05,0.03
00919,群益台灣精選高息,21.58,12636,31,12636000,31000,272684880.0,668980.0,0.0025,0.25,0.10
00920,富邦ESG綠色電力,18.64,134,0,134000,0,2497760.0,0.0,,,0.00
00921,兆豐龍頭等權重,17.41,45,0,45000,0,783450.0,0.0,,,0.00
00922,國泰台灣領袖50,25.22,2032,5,2032000,5000,51247040.0,126100.0,0.0025,0.25,0.02
00923,群益台ESG低碳50,25.34,76,0,76000,0,1925840.0,0.0,,,0.00
00924,復華S&P500成長,28.77,233,7,233000,7000,6703410.0,201390.0,0.03,3.00,0.00
00926,凱基全球菁英55,23.74,83,0,83000,0,1970420.0,0.0,,,0.00
00927,群益半導體收益,21.0,322,1,322000,1000,6762000.0,21000.0,0.0031,0.31,0.00
00929,復華台灣科技優息,18.54,5635,0,5635000,0,104472900.0,0.0,,,0.04
00930,永豐ESG低碳高息,17.54,338,1,338000,1000,5928520.0,17540.0,0.003,0.30,0.00
00932,兆豐永續高息等權,14.57,158,0,158000,0,2302060.0,0.0,,,0.00
00934,中信成長高股息,21.13,2442,0,2442000,0,51599460.0,0.0,,,0.02
00935,野村臺灣新科技50,28.72,679,1,679000,1000,19500880.0,28720.0,0.0015,0.15,0.01
00936,台新永續高息中小,16.03,1211,250,1211000,250000,19412330.0,4007500.0,0.2064,20.64,0.01
00938,凱基優選30,16.79,28,0,28000,0,470120.0,0.0,,,0.00
00939,統一台灣高息動能,14.43,482,0,482000,0,6955260.0,0.0,,,0.00
00940,元大台灣價值高息,9.6,2404,0,2404000,0,23078400.0,0.0,,,0.01
00941,中信上游半導體,16.78,90,2,90000,2000,1510200.0,33560.0,0.0222,2.22,0.00
00943,兆豐電子高息等權,14.79,12,0,12000,0,177480.0,0.0,,,0.00
00944,野村趨勢動能高息,14.16,52,0,52000,0,736320.0,0.0,,,0.00
00945B,凱基美國非投等債,14.24,1279,0,1279000,0,18212960.0,0.0,,,0.01
00946,群益科技高息成長,10.38,127,0,127000,0,1318260.0,0.0,,,0.00
00947,台新臺灣IC設計,17.38,314,0,314000,0,5457320.0,0.0,,,0.00
00949,復華日本龍頭,18.27,211,0,211000,0,3854970.0,0.0,,,0.00
00951,台新日本半導體,11.68,870,5,870000,5000,10161600.0,58400.0,0.0057,0.57,0.00
00952,凱基台灣AI50,11.9,183,0,183000,0,2177700.0,0.0,,,0.00
00953B,群益優選非投等債,9.53,16627,1,16627000,1000,158455310.0,9530.0,0.0001,0.01,0.06
00954,中信日本半導體,12.33,821,1,821000,1000,10122930.0,12330.0,0.0012,0.12,0.00
00956,中信日經高股息,10.42,20,0,20000,0,208400.0,0.0,,,0.00
00960,野村全球航運龍頭,13.84,1002,0,1002000,0,13867680.0,0.0,,,0.00
00961,FT臺灣永續高息,9.85,271,0,271000,0,2669350.0,0.0,,,0.00
00962,台新AI優息動能,11.37,141,0,141000,0,1603170.0,0.0,,,0.00
00963,中信全球高股息,10.71,6,0,6000,0,64260.0,0.0,,,0.00
00964,中信亞太高股息,11.45,3,0,3000,0,34350.0,0.0,,,0.00
00965,元大航太防衛科技,23.14,5786,116,5786000,116000,133888040.0,2684240.0,0.02,2.00,0.05
00971,野村美國研發龍頭,16.92,69,1,69000,1000,1167480.0,16920.0,0.0145,1.45,0.00
00972,野村日本動能高息,16.35,3,0,3000,0,49050.0,0.0,,,0.00
009800,中信NASDAQ,11.02,352,5,352000,5000,3879040.0,55100.0,0.0142,1.42,0.00
009801,中信美國創新科技,11.3,2755,3,2755000,3000,31131500.0,33900.0,0.0011,0.11,0.01
009802,富邦旗艦50,11.01,1732,1,1732000,1000,19069320.0,11010.0,0.0006,0.06,0.01
009803,保德信市值動能50,12.91,46,0,46000,0,593860.0,0.0,,,0.00
009804,聯邦台精彩50,14.3,126,0,126000,0,1801800.0,0.0,,,0.00
009805,新光美國電力基建,12.81,2910,0,2910000,0,37277100.0,0.0,,,0.01
009808,華南永昌優選50,19.64,24,0,24000,0,471360.0,0.0,,,0.00
009809,富邦淨零ESG50,10.39,46,0,46000,0,477940.0,0.0,,,0.00
00980A,主動野村臺灣優選,14.8,2877,7,2877000,7000,42579600.0,103600.0,0.0024,0.24,0.02
009810,保德信全球藍籌,18.02,9,0,9000,0,162180.0,0.0,,,0.00
009811,統一美國50,11.59,1250,35,1250000,35000,14487500.0,405650.0,0.028,2.80,0.01
009812,野村日本東證,10.37,168,0,168000,0,1742160.0,0.0,,,0.00
009813,貝萊德標普卓越50,10.4,963,8,963000,8000,10015200.0,83200.0,0.0083,0.83,0.00
00981A,主動統一台股增長,15.84,67562,699,67562000,699000,1070182080.0,11072160.0,0.0103,1.03,0.38
00981T,平衡凱基雙核收息,10.34,93,0,93000,0,961620.0,0.0,,,0.00
00982A,主動群益台灣強棒,14.52,15152,162,15152000,162000,220007040.0,2352240.0,0.0107,1.07,0.08
00982D,主動富邦動態入息,10.02,7,0,7000,0,70140.0,0.0,,,0.00
00983A,主動中信ARK創新,12.83,2955,4,2955000,4000,37912650.0,51320.0,0.0014,0.14,0.01
00983D,主動富邦複合收益,10.05,3,0,3000,0,30150.0,0.0,,,0.00
00984A,主動安聯台灣高息,10.63,308,0,308000,0,3274040.0,0.0,,,0.00
00985A,主動野村台灣50,12.7,2412,52,2412000,52000,30632400.0,660400.0,0.0216,2.16,0.01
00985B,群益ESG投等債0-5,10.1,441,0,441000,0,4454100.0,0.0,,,0.00
00986A,主動台新龍頭成長,11.39,627,0,627000,0,7141530.0,0.0,,,0.00
00988A,主動統一全球創新,10.1,4760,5565,4760000,5565000,48076000.0,56206500.0,1.1691,116.91,0.02
00989A,主動摩根美國科技,15.65,684,0,684000,0,10704600.0,0.0,,,0.00
1101,台泥,21.5,32140,292,32140000,292000,691010000.0,6278000.0,0.0091,0.91,0.24
1102,亞泥,36.0,1250,28,1250000,28000,45000000.0,1008000.0,0.0224,2.24,0.02
1103,嘉泥,13.15,3966,2,3966000,2000,52152900.0,26300.0,0.0005,0.05,0.02
1104,環泥,30.95,2654,7,2654000,7000,82141300.0,216650.0,0.0026,0.26,0.03
1108,幸福,14.95,675,1,675000,1000,10091250.0,14950.0,0.0015,0.15,0.00
1109,信大,15.5,635,0,635000,0,9842500.0,0.0,,,0.00
1110,東泥,16.45,3112,0,3112000,0,51192400.0,0.0,,,0.02
1201,味全,15.1,1212,0,1212000,0,18301200.0,0.0,,,0.01
1203,味王,39.65,11,0,11000,0,436150.0,0.0,,,0.00
1210,大成,53.7,2069,9,2069000,9000,111105300.0,483300.0,0.0043,0.43,0.04
1215,卜蜂,140.5,551,25,551000,25000,77415500.0,3512500.0,0.0454,4.54,0.03
1216,統一,77.5,1108,48,1108000,48000,85870000.0,3720000.0,0.0433,4.33,0.03
1217,愛之味,10.3,1629,52,1629000,52000,16778700.0,535600.0,0.0319,3.19,0.01
1218,泰山,18.35,2257,0,2257000,0,41415950.0,0.0,,,0.01
1219,福壽,13.55,652,0,652000,0,8834600.0,0.0,,,0.00
1220,台榮,12.85,1023,0,1023000,0,13145550.0,0.0,,,0.00
1225,福懋油,30.7,4037,1,4037000,1000,123935900.0,30700.0,0.0002,0.02,0.04
1227,佳格,31.55,2115,0,2115000,0,66728250.0,0.0,,,0.02
1229,聯華,49.75,1600,3,1600000,3000,79600000.0,149250.0,0.0019,0.19,0.03
1231,聯華食,109.5,372,0,372000,0,40734000.0,0.0,,,0.01
1232,大統益,144.5,9,0,9000,0,1300500.0,0.0,,,0.00
1233,天仁,30.7,60,0,60000,0,1842000.0,0.0,,,0.00
1234,黑松,37.05,173,0,173000,0,6409650.0,0.0,,,0.00
1235,興泰,50.8,1006,0,1006000,0,51104800.0,0.0,,,0.02
1236,宏亞,26.1,124,0,124000,0,3236400.0,0.0,,,0.00
1256,鮮活果汁-KY,146.5,204,0,204000,0,29886000.0,0.0,,,0.01
1301,台塑,37.35,31296,405,31296000,405000,1168905600.0,15126750.0,0.0129,1.29,0.41
1303,南亞,41.65,31934,1131,31934000,1131000,1330051100.0,47106150.0,0.0354,3.54,0.47
1304,台聚,10.45,6409,8,6409000,8000,66974050.0,83600.0,0.0012,0.12,0.02
1305,華夏,11.2,3781,1,3781000,1000,42347200.0,11200.0,0.0003,0.03,0.01
1307,三芳,32.25,1676,3,1676000,3000,54051000.0,96750.0,0.0018,0.18,0.02
1308,亞聚,12.5,3166,13,3166000,13000,39575000.0,162500.0,0.0041,0.41,0.01
1309,台達化,10.5,4272,3,4272000,3000,44856000.0,31500.0,0.0007,0.07,0.02
1310,台苯,9.05,3328,9,3328000,9000,30118400.0,81450.0,0.0027,0.27,0.01
1312,國喬,10.55,14160,16,14160000,16000,149388000.0,168800.0,0.0011,0.11,0.05
1313,聯成,10.55,7014,109,7014000,109000,73997700.0,1149950.0,0.0155,1.55,0.03
1314,中石化,9.75,53517,2828,53517000,2828000,521790750.0,27573000.0,0.0528,5.28,0.18
1315,達新,63.8,55,0,55000,0,3509000.0,0.0,,,0.00
1316,上曜,15.4,14984,172,14984000,172000,230753600.0,2648800.0,0.0115,1.15,0.08
1319,東陽,99.0,4407,45,4407000,45000,436293000.0,4455000.0,0.0102,1.02,0.15
1321,大洋,35.8,6867,0,6867000,0,245838600.0,0.0,,,0.09
1323,永裕,19.65,90,0,90000,0,1768500.0,0.0,,,0.00
1324,地球,10.55,1857,0,1857000,0,19591350.0,0.0,,,0.01
1325,恆大,30.25,2312,229,2312000,229000,69938000.0,6927250.0,0.099,9.90,0.02
1326,台化,28.4,22279,866,22279000,866000,632723600.0,24594400.0,0.0389,3.89,0.22
1337,再生-KY,5.11,21162,0,21162000,0,108137820.0,0.0,,,0.04
1338,廣華-KY,20.85,2129,0,2129000,0,44389650.0,0.0,,,0.02
1339,昭輝,43.8,876,0,876000,0,38368800.0,0.0,,,0.01
1340,勝悅-KY,6.0,842,0,842000,0,5052000.0,0.0,,,0.00
1342,八貫,84.6,578,0,578000,0,48898800.0,0.0,,,0.02
1402,遠東新,27.0,3379,80,3379000,80000,91233000.0,2160000.0,0.0237,2.37,0.03
1409,新纖,13.8,16351,90,16351000,90000,225643800.0,1242000.0,0.0055,0.55,0.08
1410,南染,34.7,339,0,339000,0,11763300.0,0.0,,,0.00
1414,東和,17.75,1238,0,1238000,0,21974500.0,0.0,,,0.01
1416,廣豐,11.2,4019,2,4019000,2000,45012800.0,22400.0,0.0005,0.05,0.02
1417,嘉裕,8.32,1169,0,1169000,0,9726080.0,0.0,,,0.00
1418,東華,20.65,661,0,661000,0,13649650.0,0.0,,,0.00
1419,新紡,59.9,2342,57,2342000,57000,140285800.0,3414300.0,0.0243,2.43,0.05
1423,利華,38.05,72,0,72000,0,2739600.0,0.0,,,0.00
1434,福懋,15.05,2121,1,2121000,1000,31921050.0,15050.0,0.0005,0.05,0.01
1436,華友聯,65.0,1221,10,1221000,10000,79365000.0,650000.0,0.0082,0.82,0.03
1437,勤益控,30.7,2917,2,2917000,2000,89551900.0,61400.0,0.0007,0.07,0.03
1438,三地開發,36.0,404,0,404000,0,14544000.0,0.0,,,0.01
1439,雋揚,27.3,918,0,918000,0,25061400.0,0.0,,,0.01
1440,南紡,13.1,3949,0,3949000,0,51731900.0,0.0,,,0.02
1442,名軒,34.2,1536,572,1536000,572000,52531200.0,19562400.0,0.3724,37.24,0.02
1443,立益物流,27.8,99,0,99000,0,2752200.0,0.0,,,0.00
1444,力麗,6.41,5891,111,5891000,111000,37761310.0,711510.0,0.0188,1.88,0.01
1445,大宇,14.3,2213,0,2213000,0,31645900.0,0.0,,,0.01
1446,宏和,18.95,2748,0,2748000,0,52074600.0,0.0,,,0.02
1449,佳和,10.45,4898,70,4898000,70000,51184100.0,731500.0,0.0143,1.43,0.02
1451,年興,16.8,1147,0,1147000,0,19269600.0,0.0,,,0.01
1452,宏益,11.45,108,0,108000,0,1236600.0,0.0,,,0.00
1453,大將,12.3,1245,0,1245000,0,15313500.0,0.0,,,0.01
1454,台富,13.5,1929,0,1929000,0,26041500.0,0.0,,,0.01
1455,集盛,7.95,3340,0,3340000,0,26553000.0,0.0,,,0.01
1456,怡華,12.1,365,0,365000,0,4416500.0,0.0,,,0.00
1457,宜進,16.35,431,4,431000,4000,7046850.0,65400.0,0.0093,0.93,0.00
1463,強盛新,17.0,543,60,543000,60000,9231000.0,1020000.0,0.1105,11.05,0.00
1464,得力,10.95,1891,0,1891000,0,20706450.0,0.0,,,0.01
1465,偉全,12.9,3572,0,3572000,0,46078800.0,0.0,,,0.02
1466,聚隆,15.6,3485,19,3485000,19000,54366000.0,296400.0,0.0055,0.55,0.02
1467,南緯,7.1,5586,20,5586000,20000,39660600.0,142000.0,0.0036,0.36,0.01
1470,大統新創,21.95,6,0,6000,0,131700.0,0.0,,,0.00
1472,三洋實業,90.7,4131,1,4131000,1000,374681700.0,90700.0,0.0002,0.02,0.13
1473,台南,27.15,1385,1,1385000,1000,37602750.0,27150.0,0.0007,0.07,0.01
1474,弘裕,11.3,3992,0,3992000,0,45109600.0,0.0,,,0.02
1475,業旺,37.1,465,0,465000,0,17251500.0,0.0,,,0.01
1476,儒鴻,407.0,271,4,271000,4000,110297000.0,1628000.0,0.0148,1.48,0.04
1477,聚陽,277.5,419,2,419000,2000,116272500.0,555000.0,0.0048,0.48,0.04
1503,士電,187.0,5523,49,5523000,49000,1032801000.0,9163000.0,0.0089,0.89,0.36
1504,東元,112.5,28583,3704,28583000,3704000,3215587500.0,416700000.0,0.1296,12.96,1.13
1513,中興電,151.0,8655,31,8655000,31000,1306905000.0,4681000.0,0.0036,0.36,0.46
1514,亞力,110.5,7232,270,7232000,270000,799136000.0,29835000.0,0.0373,3.73,0.28
1515,力山,27.6,1800,12,1800000,12000,49680000.0,331200.0,0.0067,0.67,0.02
1517,利奇,11.95,1358,67,1358000,67000,16228100.0,800650.0,0.0493,4.93,0.01
1519,華城,765.0,3887,379,3887000,379000,2973555000.0,289935000.0,0.0975,9.75,1.05
1521,大億,24.6,337,0,337000,0,8290200.0,0.0,,,0.00
1522,堤維西,48.5,8510,187,8510000,187000,412735000.0,9069500.0,0.022,2.20,0.15
1524,耿鼎,31.25,7088,344,7088000,344000,221500000.0,10750000.0,0.0485,4.85,0.08
1525,江申,61.5,240,0,240000,0,14760000.0,0.0,,,0.01
1526,日馳,17.5,1124,1,1124000,1000,19670000.0,17500.0,0.0009,0.09,0.01
1527,鑽全,32.75,329,0,329000,0,10774750.0,0.0,,,0.00
1528,恩德,14.1,8293,85,8293000,85000,116931300.0,1198500.0,0.0102,1.02,0.04
1529,樂事綠能,20.45,3311,21,3311000,21000,67709950.0,429450.0,0.0063,0.63,0.02
1530,亞崴,26.65,98,0,98000,0,2611700.0,0.0,,,0.00
1531,高林股,11.5,1826,0,1826000,0,20999000.0,0.0,,,0.01
1532,勤美,25.95,4219,37,4219000,37000,109483050.0,960150.0,0.0088,0.88,0.04
1533,車王電,36.95,972,57,972000,57000,35915400.0,2106150.0,0.0586,5.86,0.01
1535,中宇,54.4,59,0,59000,0,3209600.0,0.0,,,0.00
1536,和大,58.2,8317,3627,8317000,3627000,484049400.0,211091400.0,0.4361,43.61,0.17
1537,廣隆,122.5,53,0,53000,0,6492500.0,0.0,,,0.00
1539,巨庭,17.25,1522,0,1522000,0,26254500.0,0.0,,,0.01
1540,喬福,22.5,2587,8,2587000,8000,58207500.0,180000.0,0.0031,0.31,0.02
1541,錩泰,26.55,191,0,191000,0,5071050.0,0.0,,,0.00
1558,伸興,92.4,599,0,599000,0,55347600.0,0.0,,,0.02
1560,中砂,310.0,4529,133,4529000,133000,1403990000.0,41230000.0,0.0294,2.94,0.50
1563,巧新,44.65,547,8,547000,8000,24423550.0,357200.0,0.0146,1.46,0.01
1568,倉佑,22.2,1465,1,1465000,1000,32523000.0,22200.0,0.0007,0.07,0.01
1582,信錦,68.6,2982,74,2982000,74000,204565200.0,5076400.0,0.0248,2.48,0.07
1583,程泰,46.0,69,0,69000,0,3174000.0,0.0,,,0.00
1587,吉茂,40.15,2945,68,2945000,68000,118241750.0,2730200.0,0.0231,2.31,0.04
1589,永冠-KY,18.65,4255,361,4255000,361000,79355750.0,6732650.0,0.0848,8.48,0.03
1590,亞德客-KY,982.0,261,1,261000,1000,256302000.0,982000.0,0.0038,0.38,0.09
1597,直得,75.0,3297,18,3297000,18000,247275000.0,1350000.0,0.0055,0.55,0.09
1598,岱宇,22.5,2464,2,2464000,2000,55440000.0,45000.0,0.0008,0.08,0.02
1603,華電,38.85,2303,4,2303000,4000,89471550.0,155400.0,0.0017,0.17,0.03
1604,聲寶,24.6,396,1,396000,1000,9741600.0,24600.0,0.0025,0.25,0.00
1605,華新,30.45,59556,1955,59556000,1955000,1813480200.0,59529750.0,0.0328,3.28,0.64
1608,華榮,38.65,10534,361,10534000,361000,407139100.0,13952650.0,0.0343,3.43,0.14
1609,大亞,42.1,17880,120,17880000,120000,752748000.0,5052000.0,0.0067,0.67,0.27
1611,中電,12.35,3654,24,3654000,24000,45126900.0,296400.0,0.0066,0.66,0.02
1612,宏泰,39.15,2379,22,2379000,22000,93137850.0,861300.0,0.0092,0.92,0.03
1614,三洋電,34.5,451,3,451000,3000,15559500.0,103500.0,0.0067,0.67,0.01
1615,大山,46.1,251,0,251000,0,11571100.0,0.0,,,0.00
1616,億泰,34.7,5527,95,5527000,95000,191786900.0,3296500.0,0.0172,1.72,0.07
1617,榮星,15.3,2139,0,2139000,0,32726700.0,0.0,,,0.01
1618,合機,43.8,5323,6,5323000,6000,233147400.0,262800.0,0.0011,0.11,0.08
1626,艾美特-KY,12.4,3465,0,3465000,0,42966000.0,0.0,,,0.02
1702,南僑,39.45,438,7,438000,7000,17279100.0,276150.0,0.016,1.60,0.01
1707,葡萄王,125.0,366,0,366000,0,45750000.0,0.0,,,0.02
1708,東鹼,30.0,2800,2,2800000,2000,84000000.0,60000.0,0.0007,0.07,0.03
1709,和益,16.85,2253,0,2253000,0,37963050.0,0.0,,,0.01
1710,東聯,12.15,4723,12,4723000,12000,57384450.0,145800.0,0.0025,0.25,0.02
1711,永光,18.75,13829,29,13829000,29000,259293750.0,543750.0,0.0021,0.21,0.09
1712,興農,42.95,634,1,634000,1000,27230300.0,42950.0,0.0016,0.16,0.01
1713,國化,45.25,2981,0,2981000,0,134890250.0,0.0,,,0.05
1714,和桐,8.48,6472,1,6472000,1000,54882560.0,8480.0,0.0002,0.02,0.02
1717,長興,40.2,15371,404,15371000,404000,617914200.0,16240800.0,0.0263,2.63,0.22
1718,中纖,6.94,16606,56,16606000,56000,115245640.0,388640.0,0.0034,0.34,0.04
1720,生達,56.8,250,0,250000,0,14200000.0,0.0,,,0.01
1722,台肥,48.15,2170,0,2170000,0,104485500.0,0.0,,,0.04
1723,中碳,80.3,296,1,296000,1000,23768800.0,80300.0,0.0034,0.34,0.01
1725,元禎,26.0,401,0,401000,0,10426000.0,0.0,,,0.00
1727,中華化,36.25,4924,199,4924000,199000,178495000.0,7213750.0,0.0404,4.04,0.06
1730,花仙子,53.2,11,0,11000,0,585200.0,0.0,,,0.00
1731,美吾華,21.95,181,0,181000,0,3972950.0,0.0,,,0.00
1732,毛寶,28.45,509,42,509000,42000,14481050.0,1194900.0,0.0825,8.25,0.01
1733,五鼎,31.9,4467,10,4467000,10000,142497300.0,319000.0,0.0022,0.22,0.05
1734,杏輝,31.85,1323,1,1323000,1000,42137550.0,31850.0,0.0008,0.08,0.01
1735,日勝化,14.7,464,0,464000,0,6820800.0,0.0,,,0.00
1736,喬山,157.5,1814,73,1814000,73000,285705000.0,11497500.0,0.0402,4.02,0.10
1737,臺鹽,31.8,78,0,78000,0,2480400.0,0.0,,,0.00
1752,南光,38.85,846,8,846000,8000,32867100.0,310800.0,0.0095,0.95,0.01
1760,寶齡富錦,64.5,1233,3,1233000,3000,79528500.0,193500.0,0.0024,0.24,0.03
1762,中化生,25.05,879,26,879000,26000,22018950.0,651300.0,0.0296,2.96,0.01
1773,勝一,143.0,737,1,737000,1000,105391000.0,143000.0,0.0014,0.14,0.04
1776,展宇,15.1,727,0,727000,0,10977700.0,0.0,,,0.00
1783,和康生,42.0,1246,0,1246000,0,52332000.0,0.0,,,0.02
1786,科妍,85.1,7319,11,7319000,11000,622846900.0,936100.0,0.0015,0.15,0.22
1789,神隆,17.35,2211,1,2211000,1000,38360850.0,17350.0,0.0005,0.05,0.01
1795,美時,285.0,9906,139,9906000,139000,2823210000.0,39615000.0,0.014,1.40,1.00
1802,台玻,30.2,41551,7271,41551000,7271000,1254840200.0,219584200.0,0.175,17.50,0.44
1805,寶徠,11.15,423,0,423000,0,4716450.0,0.0,,,0.00
1806,冠軍,9.14,2714,1,2714000,1000,24805960.0,9140.0,0.0004,0.04,0.01
1809,中釉,18.15,4687,91,4687000,91000,85069050.0,1651650.0,0.0194,1.94,0.03
1810,和成,17.85,19176,51,19176000,51000,342291600.0,910350.0,0.0027,0.27,0.12
1817,凱撒衛,38.3,22,0,22000,0,842600.0,0.0,,,0.00
1903,士紙,54.9,4225,99,4225000,99000,231952500.0,5435100.0,0.0234,2.34,0.08
1904,正隆,17.3,1284,1,1284000,1000,22213200.0,17300.0,0.0008,0.08,0.01
1905,華紙,12.1,6934,7,6934000,7000,83901400.0,84700.0,0.001,0.10,0.03
1906,寶隆,12.25,6732,0,6732000,0,82467000.0,0.0,,,0.03
1907,永豐餘,26.1,20872,3,20872000,3000,544759200.0,78300.0,0.0001,0.01,0.19
1909,榮成,9.6,5078,19,5078000,19000,48748800.0,182400.0,0.0037,0.37,0.02
2002,中鋼,18.25,21635,109,21635000,109000,394838750.0,1989250.0,0.005,0.50,0.14
2006,東和鋼鐵,62.2,798,7,798000,7000,49635600.0,435400.0,0.0088,0.88,0.02
2008,高興昌,27.7,285,0,285000,0,7894500.0,0.0,,,0.00
2009,第一銅,40.4,6489,827,6489000,827000,262155600.0,33410800.0,0.1274,12.74,0.09
2010,春源,19.55,2009,5,2009000,5000,39275950.0,97750.0,0.0025,0.25,0.01
2012,春雨,15.6,93,0,93000,0,1450800.0,0.0,,,0.00
2013,中鋼構,41.0,1609,1,1609000,1000,65969000.0,41000.0,0.0006,0.06,0.02
2015,豐興,63.9,36,0,36000,0,2300400.0,0.0,,,0.00
2017,官田鋼,8.93,2985,0,2985000,0,26656050.0,0.0,,,0.01
2020,美亞,23.8,848,3,848000,3000,20182400.0,71400.0,0.0035,0.35,0.01
2023,燁輝,14.85,2457,3,2457000,3000,36486450.0,44550.0,0.0012,0.12,0.01
2024,志聯,16.85,8,0,8000,0,134800.0,0.0,,,0.00
2027,大成鋼,36.55,31471,2267,31471000,2267000,1150265050.0,82858850.0,0.072,7.20,0.41
2028,威致,15.7,1039,0,1039000,0,16312300.0,0.0,,,0.01
2029,盛餘,20.85,457,0,457000,0,9528450.0,0.0,,,0.00
2030,彰源,14.0,1530,0,1530000,0,21420000.0,0.0,,,0.01
2031,新光鋼,38.85,2357,23,2357000,23000,91569450.0,893550.0,0.0098,0.98,0.03
2032,新鋼,14.0,2405,0,2405000,0,33670000.0,0.0,,,0.01
2033,佳大,15.6,8776,0,8776000,0,136905600.0,0.0,,,0.05
2034,允強,18.9,3722,56,3722000,56000,70345800.0,1058400.0,0.015,1.50,0.02
2038,海光,14.2,4809,6,4809000,6000,68287800.0,85200.0,0.0012,0.12,0.02
2049,上銀,218.0,4703,141,4703000,141000,1025254000.0,30738000.0,0.03,3.00,0.36
2059,川湖,4310.0,324,23,324000,23000,1396440000.0,99130000.0,0.071,7.10,0.49
2062,橋椿,20.7,2482,0,2482000,0,51377400.0,0.0,,,0.02
2069,運錩,15.25,890,0,890000,0,13572500.0,0.0,,,0.00
2101,南港,36.7,31978,18,31978000,18000,1173592600.0,660600.0,0.0006,0.06,0.41
2102,泰豐,19.95,4370,3,4370000,3000,87181500.0,59850.0,0.0007,0.07,0.03
2103,台橡,14.95,5753,54,5753000,54000,86007350.0,807300.0,0.0094,0.94,0.03
2104,國際中橡,10.45,13153,6,13153000,6000,137448850.0,62700.0,0.0005,0.05,0.05
2105,正新,32.25,4573,91,4573000,91000,147479250.0,2934750.0,0.0199,1.99,0.05
2106,建大,20.5,2416,14,2416000,14000,49528000.0,287000.0,0.0058,0.58,0.02
2107,厚生,23.6,377,0,377000,0,8897200.0,0.0,,,0.00
2108,南帝,21.95,2325,42,2325000,42000,51033750.0,921900.0,0.0181,1.81,0.02
2109,華豐,15.05,1069,20,1069000,20000,16088450.0,301000.0,0.0187,1.87,0.01
2114,鑫永銓,89.6,32,0,32000,0,2867200.0,0.0,,,0.00
2115,六暉-KY,26.25,427,0,427000,0,11208750.0,0.0,,,0.00
2201,裕隆,32.95,7874,115,7874000,115000,259448300.0,3789250.0,0.0146,1.46,0.09
2204,中華,58.0,4333,60,4333000,60000,251314000.0,3480000.0,0.0138,1.38,0.09
2206,三陽工業,61.8,25801,13,25801000,13000,1594501800.0,803400.0,0.0005,0.05,0.56
2207,和泰車,584.0,56,0,56000,0,32704000.0,0.0,,,0.01
2211,長榮鋼,113.0,1110,4,1110000,4000,125430000.0,452000.0,0.0036,0.36,0.04
2228,劍麟,94.2,2072,102,2072000,102000,195182400.0,9608400.0,0.0492,4.92,0.07
2231,為升,105.0,5883,54,5883000,54000,617715000.0,5670000.0,0.0092,0.92,0.22
2233,宇隆,206.5,4874,37,4874000,37000,1006481000.0,7640500.0,0.0076,0.76,0.36
2236,百達-KY,87.9,9326,2266,9326000,2266000,819755400.0,199181400.0,0.243,24.30,0.29
2239,英利-KY,28.2,2237,0,2237000,0,63083400.0,0.0,,,0.02
2241,艾姆勒,35.2,6231,86,6231000,86000,219331200.0,3027200.0,0.0138,1.38,0.08
2247,汎德永業,292.5,357,16,357000,16000,104422500.0,4680000.0,0.0448,4.48,0.04
2250,IKKA-KY,82.3,1949,1,1949000,1000,160402700.0,82300.0,0.0005,0.05,0.06
2254,巨鎧精密-創,59.0,5173,0,5173000,0,305207000.0,0.0,,,0.11
2301,光寶科,169.0,24897,471,24897000,471000,4207593000.0,79599000.0,0.0189,1.89,1.48
2302,麗正,18.85,3034,2,3034000,2000,57190900.0,37700.0,0.0007,0.07,0.02
2303,聯電,45.8,31293,1068,31293000,1068000,1433219400.0,48914400.0,0.0341,3.41,0.51
2305,全友,10.35,1786,6,1786000,6000,18485100.0,62100.0,0.0034,0.34,0.01
2308,台達電,978.0,7027,851,7027000,851000,6872406000.0,832278000.0,0.1211,12.11,2.43
2312,金寶,22.9,46012,572,46012000,572000,1053674800.0,13098800.0,0.0124,1.24,0.37
2313,華通,83.4,24528,1182,24528000,1182000,2045635200.0,98578800.0,0.0482,4.82,0.72
2316,楠梓電,96.1,6515,1728,6515000,1728000,626091500.0,166060800.0,0.2652,26.52,0.22
2317,鴻海,248.0,59669,3524,59669000,3524000,14797912000.0,873952000.0,0.0591,5.91,5.22
2323,中環,9.5,22604,30,22604000,30000,214738000.0,285000.0,0.0013,0.13,0.08
2324,仁寶,32.5,34879,735,34879000,735000,1133567500.0,23887500.0,0.0211,2.11,0.40
2327,國巨*,240.0,41852,738,41852000,738000,10044480000.0,177120000.0,0.0176,1.76,3.54
2328,廣宇,53.7,25608,588,25608000,588000,1375149600.0,31575600.0,0.023,2.30,0.49
2329,華泰,48.4,14288,1194,14288000,1194000,691539200.0,57789600.0,0.0836,8.36,0.24
2330,台積電,1465.0,18798,317,18798000,317000,27539070000.0,464405000.0,0.0169,1.69,9.72
2331,精英,20.3,11057,46,11057000,46000,224457100.0,933800.0,0.0042,0.42,0.08
2332,友訊,15.95,19971,129,19971000,129000,318537450.0,2057550.0,0.0065,0.65,0.11
2337,旺宏,34.45,61261,9554,61261000,9554000,2110441450.0,329135300.0,0.156,15.60,0.74
2338,光罩,36.2,6635,288,6635000,288000,240187000.0,10425600.0,0.0434,4.34,0.08
2340,台亞,24.05,9195,236,9195000,236000,221139750.0,5675800.0,0.0257,2.57,0.08
2342,茂矽,33.0,5348,521,5348000,521000,176484000.0,17193000.0,0.0974,9.74,0.06
2344,華邦電,59.0,111388,23669,111388000,23669000,6571892000.0,1396471000.0,0.2125,21.25,2.32
2345,智邦,1055.0,4069,156,4069000,156000,4292795000.0,164580000.0,0.0383,3.83,1.51
2347,聯強,56.6,2075,60,2075000,60000,117445000.0,3396000.0,0.0289,2.89,0.04
2348,海悅,82.7,1912,144,1912000,144000,158122400.0,11908800.0,0.0753,7.53,0.06
2351,順德,89.4,7714,192,7714000,192000,689631600.0,17164800.0,0.0249,2.49,0.24
2352,佳世達,30.35,11312,189,11312000,189000,343319200.0,5736150.0,0.0167,1.67,0.12
2353,宏碁,30.9,26094,305,26094000,305000,806304600.0,9424500.0,0.0117,1.17,0.28
2354,鴻準,70.1,32609,186,32609000,186000,2285890900.0,13038600.0,0.0057,0.57,0.81
2355,敬鵬,32.4,6408,62,6408000,62000,207619200.0,2008800.0,0.0097,0.97,0.07
2356,英業達,43.2,24547,952,24547000,952000,1060430400.0,41126400.0,0.0388,3.88,0.37
2357,華碩,681.0,1059,41,1059000,41000,721179000.0,27921000.0,0.0387,3.87,0.25
2359,所羅門,128.0,7509,706,7509000,706000,961152000.0,90368000.0,0.094,9.40,0.34
2360,致茂,753.0,1768,56,1768000,56000,1331304000.0,42168000.0,0.0317,3.17,0.47
2362,藍天,39.85,3095,12,3095000,12000,123335750.0,478200.0,0.0039,0.39,0.04
2363,矽統,53.8,25705,83,25705000,83000,1382929000.0,4465400.0,0.0032,0.32,0.49
2364,倫飛,68.0,735,20,735000,20000,49980000.0,1360000.0,0.0272,2.72,0.02
2365,昆盈,37.3,11685,400,11685000,400000,435850500.0,14920000.0,0.0342,3.42,0.15
2367,燿華,25.75,26585,37,26585000,37000,684563750.0,952750.0,0.0014,0.14,0.24
2368,金像電,478.5,7145,1036,7145000,1036000,3418882500.0,495726000.0,0.145,14.50,1.21
2369,菱生,21.75,7523,368,7523000,368000,163625250.0,8004000.0,0.0489,4.89,0.06
2371,大同,35.3,76315,594,76315000,594000,2693919500.0,20968200.0,0.0078,0.78,0.95
2373,震旦行,57.3,95,0,95000,0,5443500.0,0.0,,,0.00
2374,佳能,81.2,17866,679,17866000,679000,1450719200.0,55134800.0,0.038,3.80,0.51
2375,凱美,88.6,4957,399,4957000,399000,439190200.0,35351400.0,0.0805,8.05,0.15
2376,技嘉,278.5,5903,149,5903000,149000,1643985500.0,41496500.0,0.0252,2.52,0.58
2377,微星,106.5,9691,169,9691000,169000,1032091500.0,17998500.0,0.0174,1.74,0.36
2379,瑞昱,505.0,2508,0,2508000,0,1266540000.0,0.0,,,0.45
2382,廣達,293.0,17694,733,17694000,733000,5184342000.0,214769000.0,0.0414,4.14,1.83
2383,台光電,1450.0,2648,195,2648000,195000,3839600000.0,282750000.0,0.0736,7.36,1.35
2385,群光,130.5,3177,7,3177000,7000,414598500.0,913500.0,0.0022,0.22,0.15
2387,精元,41.5,3223,3,3223000,3000,133754500.0,124500.0,0.0009,0.09,0.05
2388,威盛,50.0,14528,197,14528000,197000,726400000.0,9850000.0,0.0136,1.36,0.26
2390,云辰,9.49,2163,0,2163000,0,20526870.0,0.0,,,0.01
2392,正崴,48.25,8644,25,8644000,25000,417073000.0,1206250.0,0.0029,0.29,0.15
2393,億光,57.6,1454,55,1454000,55000,83750400.0,3168000.0,0.0378,3.78,0.03
2395,研華,312.5,2406,11,2406000,11000,751875000.0,3437500.0,0.0046,0.46,0.27
2397,友通,65.0,1866,8,1866000,8000,121290000.0,520000.0,0.0043,0.43,0.04
2399,映泰,22.3,7656,283,7656000,283000,170728800.0,6310900.0,0.037,3.70,0.06
2401,凌陽,21.0,13183,73,13183000,73000,276843000.0,1533000.0,0.0055,0.55,0.10
2402,毅嘉,51.0,12812,150,12812000,150000,653412000.0,7650000.0,0.0117,1.17,0.23
2404,漢唐,817.0,1723,59,1723000,59000,1407691000.0,48203000.0,0.0342,3.42,0.50
2405,輔信,18.3,12323,89,12323000,89000,225510900.0,1628700.0,0.0072,0.72,0.08
2406,國碩,18.85,14431,384,14431000,384000,272024350.0,7238400.0,0.0266,2.66,0.10
2408,南亞科,148.0,129817,21038,129817000,21038000,19212916000.0,3113624000.0,0.1621,16.21,6.78
2409,友達,11.85,94339,602,94339000,602000,1117917150.0,7133700.0,0.0064,0.64,0.39
2412,中華電,131.5,962,26,962000,26000,126503000.0,3419000.0,0.027,2.70,0.04
2413,環科,19.95,2894,69,2894000,69000,57735300.0,1376550.0,0.0238,2.38,0.02
2414,精技,41.85,338,0,338000,0,14145300.0,0.0,,,0.00
2415,錩新,24.7,2352,0,2352000,0,58094400.0,0.0,,,0.02
2417,圓剛,37.3,4886,25,4886000,25000,182247800.0,932500.0,0.0051,0.51,0.06
2419,仲琦,23.15,5326,34,5326000,34000,123296900.0,787100.0,0.0064,0.64,0.04
2420,新巨,51.1,600,0,600000,0,30660000.0,0.0,,,0.01
2421,建準,153.5,6048,216,6048000,216000,928368000.0,33156000.0,0.0357,3.57,0.33
2423,固緯,52.1,165,4,165000,4000,8596500.0,208400.0,0.0242,2.42,0.00
2425,承啟,29.0,2927,14,2927000,14000,84883000.0,406000.0,0.0048,0.48,0.03
2426,鼎元,16.5,4965,24,4965000,24000,81922500.0,396000.0,0.0048,0.48,0.03
2427,三商電,25.75,6247,376,6247000,376000,160860250.0,9682000.0,0.0602,6.02,0.06
2428,興勤,185.0,2962,6,2962000,6000,547970000.0,1110000.0,0.002,0.20,0.19
2430,燦坤,24.45,93,0,93000,0,2273850.0,0.0,,,0.00
2431,聯昌,12.0,3798,11,3798000,11000,45576000.0,132000.0,0.0029,0.29,0.02
2432,倚天酷碁-創,28.3,334,0,334000,0,9452200.0,0.0,,,0.00
2433,互盛電,48.15,3,0,3000,0,144450.0,0.0,,,0.00
2434,統懋,29.75,2,0,2000,0,59500.0,0.0,,,0.00
2436,偉詮電,45.95,4465,33,4465000,33000,205166750.0,1516350.0,0.0074,0.74,0.07
2439,美律,109.0,3213,45,3213000,45000,350217000.0,4905000.0,0.014,1.40,0.12
2441,超豐,73.8,2164,2,2164000,2000,159703200.0,147600.0,0.0009,0.09,0.06
2442,新美齊,24.95,18526,79,18526000,79000,462223700.0,1971050.0,0.0043,0.43,0.16
2449,京元電子,217.5,19666,1598,19666000,1598000,4277355000.0,347565000.0,0.0813,8.13,1.51
2450,神腦,29.0,89,0,89000,0,2581000.0,0.0,,,0.00
2451,創見,135.0,1569,63,1569000,63000,211815000.0,8505000.0,0.0402,4.02,0.07
2453,凌群,57.5,3325,7,3325000,7000,191187500.0,402500.0,0.0021,0.21,0.07
2454,聯發科,1290.0,6283,158,6283000,158000,8105070000.0,203820000.0,0.0251,2.51,2.86
2455,全新,157.0,6702,387,6702000,387000,1052214000.0,60759000.0,0.0577,5.77,0.37
2457,飛宏,30.45,14280,503,14280000,503000,434826000.0,15316350.0,0.0352,3.52,0.15
2458,義隆,124.0,2508,17,2508000,17000,310992000.0,2108000.0,0.0068,0.68,0.11
2459,敦吉,65.8,66,0,66000,0,4342800.0,0.0,,,0.00
2461,光群雷,15.6,2851,0,2851000,0,44475600.0,0.0,,,0.02
2462,良得電,23.8,2168,20,2168000,20000,51598400.0,476000.0,0.0092,0.92,0.02
2464,盟立,61.3,9595,316,9595000,316000,588173500.0,19370800.0,0.0329,3.29,0.21
2467,志聖,179.5,3222,82,3222000,82000,578349000.0,14719000.0,0.0255,2.55,0.20
2468,華經,43.7,4837,64,4837000,64000,211376900.0,2796800.0,0.0132,1.32,0.07
2471,資通,49.9,1784,1,1784000,1000,89021600.0,49900.0,0.0006,0.06,0.03
2472,立隆電,103.0,7909,147,7909000,147000,814627000.0,15141000.0,0.0186,1.86,0.29
2474,可成,204.0,2041,36,2041000,36000,416364000.0,7344000.0,0.0176,1.76,0.15
2476,鉅祥,94.5,18848,83,18848000,83000,1781136000.0,7843500.0,0.0044,0.44,0.63
2477,美隆電,23.05,1476,0,1476000,0,34021800.0,0.0,,,0.01
2478,大毅,60.4,2752,43,2752000,43000,166220800.0,2597200.0,0.0156,1.56,0.06
2480,敦陽科,157.0,185,0,185000,0,29045000.0,0.0,,,0.01
2481,強茂,81.0,16333,549,16333000,549000,1322973000.0,44469000.0,0.0336,3.36,0.47
2482,連宇,18.1,2138,6,2138000,6000,38697800.0,108600.0,0.0028,0.28,0.01
2483,百容,20.0,820,0,820000,0,16400000.0,0.0,,,0.01
2484,希華,21.05,1985,1,1985000,1000,41784250.0,21050.0,0.0005,0.05,0.01
2485,兆赫,13.5,7131,36,7131000,36000,96268500.0,486000.0,0.005,0.50,0.03
2486,一詮,71.2,21417,209,21417000,209000,1524890400.0,14880800.0,0.0098,0.98,0.54
2488,漢平,48.3,1027,0,1027000,0,49604100.0,0.0,,,0.02
2489,瑞軒,14.15,14036,0,14036000,0,198609400.0,0.0,,,0.07
2492,華新科,120.5,11854,515,11854000,515000,1428407000.0,62057500.0,0.0434,4.34,0.50
2493,揚博,90.7,5728,0,5728000,0,519529600.0,0.0,,,0.18
2495,普安,23.0,7323,6,7323000,6000,168429000.0,138000.0,0.0008,0.08,0.06
2496,卓越,67.5,193,0,193000,0,13027500.0,0.0,,,0.00
2497,怡利電,43.2,2308,4,2308000,4000,99705600.0,172800.0,0.0017,0.17,0.04
2498,宏達電,50.7,35889,5979,35889000,5979000,1819572300.0,303135300.0,0.1666,16.66,0.64
2501,國建,22.85,8487,36,8487000,36000,193927950.0,822600.0,0.0042,0.42,0.07
2504,國產,36.7,3687,0,3687000,0,135312900.0,0.0,,,0.05
2505,國揚,19.1,3215,0,3215000,0,61406500.0,0.0,,,0.02
2506,太設,9.62,1947,0,1947000,0,18730140.0,0.0,,,0.01
2509,全坤建,14.65,720,1,720000,1000,10548000.0,14650.0,0.0014,0.14,0.00
2511,太子,8.95,3694,7,3694000,7000,33061300.0,62650.0,0.0019,0.19,0.01
2514,龍邦,14.6,16650,0,16650000,0,243090000.0,0.0,,,0.09
2520,冠德,32.7,5770,165,5770000,165000,188679000.0,5395500.0,0.0286,2.86,0.07
2524,京城,42.3,3603,28,3603000,28000,152406900.0,1184400.0,0.0078,0.78,0.05
2527,宏璟,25.4,407,1,407000,1000,10337800.0,25400.0,0.0025,0.25,0.00
2528,皇普,32.0,3825,52,3825000,52000,122400000.0,1664000.0,0.0136,1.36,0.04
2530,華建,29.6,3472,42,3472000,42000,102771200.0,1243200.0,0.0121,1.21,0.04
2534,宏盛,21.4,8911,0,8911000,0,190695400.0,0.0,,,0.07
2535,達欣工,65.5,116,1,116000,1000,7598000.0,65500.0,0.0086,0.86,0.00
2536,宏普,26.45,5845,21,5845000,21000,154600250.0,555450.0,0.0036,0.36,0.05
2537,聯上發,10.8,5225,0,5225000,0,56430000.0,0.0,,,0.02
2538,基泰,10.8,4412,2,4412000,2000,47649600.0,21600.0,0.0005,0.05,0.02
2539,櫻花建,48.2,2929,14,2929000,14000,141177800.0,674800.0,0.0048,0.48,0.05
2540,愛山林,49.8,3377,171,3377000,171000,168174600.0,8515800.0,0.0506,5.06,0.06
2542,興富發,38.4,10464,82,10464000,82000,401817600.0,3148800.0,0.0078,0.78,0.14
2543,皇昌,70.1,24465,93,24465000,93000,1714996500.0,6519300.0,0.0038,0.38,0.61
2545,皇翔,41.2,2420,2,2420000,2000,99704000.0,82400.0,0.0008,0.08,0.04
2546,根基,90.2,203,0,203000,0,18310600.0,0.0,,,0.01
2547,日勝生,10.85,25765,0,25765000,0,279550250.0,0.0,,,0.10
2548,華固,100.5,1706,35,1706000,35000,171453000.0,3517500.0,0.0205,2.05,0.06
2597,潤弘,166.0,241,2,241000,2000,40006000.0,332000.0,0.0083,0.83,0.01
2603,長榮,188.5,21290,584,21290000,584000,4013165000.0,110084000.0,0.0274,2.74,1.42
2605,新興,23.5,10637,93,10637000,93000,249969500.0,2185500.0,0.0087,0.87,0.09
2606,裕民,54.4,8971,54,8971000,54000,488022400.0,2937600.0,0.006,0.60,0.17
2607,榮運,59.2,1473,113,1473000,113000,87201600.0,6689600.0,0.0767,7.67,0.03
2608,嘉里大榮,34.1,948,0,948000,0,32326800.0,0.0,,,0.01
2609,陽明,55.0,38164,1378,38164000,1378000,2099020000.0,75790000.0,0.0361,3.61,0.74
2610,華航,20.0,52003,405,52003000,405000,1040060000.0,8100000.0,0.0078,0.78,0.37
2611,志信,14.85,2901,5,2901000,5000,43079850.0,74250.0,0.0017,0.17,0.02
2612,中航,54.8,1998,30,1998000,30000,109490400.0,1644000.0,0.015,1.50,0.04
2613,中櫃,25.3,3209,1,3209000,1000,81187700.0,25300.0,0.0003,0.03,0.03
2614,東森,19.85,7290,46,7290000,46000,144706500.0,913100.0,0.0063,0.63,0.05
2615,萬海,82.9,21730,8452,21730000,8452000,1801417000.0,700670800.0,0.389,38.90,0.64
2616,山隆,14.1,147,0,147000,0,2072700.0,0.0,,,0.00
2617,台航,30.6,1762,26,1762000,26000,53917200.0,795600.0,0.0148,1.48,0.02
2618,長榮航,36.45,41382,563,41382000,563000,1508373900.0,20521350.0,0.0136,1.36,0.53
2630,亞航,52.0,5916,242,5916000,242000,307632000.0,12584000.0,0.0409,4.09,0.11
2633,台灣高鐵,27.65,2110,4,2110000,4000,58341500.0,110600.0,0.0019,0.19,0.02
2634,漢翔,52.9,27063,774,27063000,774000,1431632700.0,40944600.0,0.0286,2.86,0.51
2636,台驊控股,69.3,1128,3,1128000,3000,78170400.0,207900.0,0.0027,0.27,0.03
2637,慧洋-KY,64.1,9635,195,9635000,195000,617603500.0,12499500.0,0.0202,2.02,0.22
2642,宅配通,29.6,501,4,501000,4000,14829600.0,118400.0,0.008,0.80,0.01
2645,長榮航太,156.5,5114,178,5114000,178000,800341000.0,27857000.0,0.0348,3.48,0.28
2646,星宇航空,23.95,2262,3,2262000,3000,54174900.0,71850.0,0.0013,0.13,0.02
2701,萬企,11.05,1223,0,1223000,0,13514150.0,0.0,,,0.00
2702,華園,11.7,580,0,580000,0,6786000.0,0.0,,,0.00
2704,國賓,43.45,294,0,294000,0,12774300.0,0.0,,,0.00
2705,六福,16.9,594,0,594000,0,10038600.0,0.0,,,0.00
2706,第一店,13.05,760,0,760000,0,9918000.0,0.0,,,0.00
2707,晶華,192.5,276,0,276000,0,53130000.0,0.0,,,0.02
2722,夏都,28.75,497,7,497000,7000,14288750.0,201250.0,0.0141,1.41,0.01
2723,美食-KY,70.2,2762,11,2762000,11000,193892400.0,772200.0,0.004,0.40,0.07
2727,王品,223.0,814,1,814000,1000,181522000.0,223000.0,0.0012,0.12,0.06
2731,雄獅,168.0,1266,136,1266000,136000,212688000.0,22848000.0,0.1074,10.74,0.08
2739,寒舍,37.65,1222,1,1222000,1000,46008300.0,37650.0,0.0008,0.08,0.02
2748,雲品,45.0,1316,2,1316000,2000,59220000.0,90000.0,0.0015,0.15,0.02
2753,八方雲集,199.5,1286,11,1286000,11000,256557000.0,2194500.0,0.0086,0.86,0.09
2762,世界健身-KY,79.3,207,18,207000,18000,16415100.0,1427400.0,0.087,8.70,0.01
2801,彰銀,20.25,12992,25,12992000,25000,263088000.0,506250.0,0.0019,0.19,0.09
2812,台中銀,21.65,2908,85,2908000,85000,62958200.0,1840250.0,0.0292,2.92,0.02
2816,旺旺保,27.5,410,19,410000,19000,11275000.0,522500.0,0.0463,4.63,0.00
2820,華票,16.75,501,0,501000,0,8391750.0,0.0,,,0.00
2832,台產,47.1,624,0,624000,0,29390400.0,0.0,,,0.01
2834,臺企銀,15.5,4793,22,4793000,22000,74291500.0,341000.0,0.0046,0.46,0.03
2836,高雄銀,12.25,4744,0,4744000,0,58114000.0,0.0,,,0.02
2838,聯邦銀,19.2,320,19,320000,19000,6144000.0,364800.0,0.0594,5.94,0.00
2845,遠東銀,12.75,11433,34,11433000,34000,145770750.0,433500.0,0.003,0.30,0.05
2849,安泰銀,13.2,94,0,94000,0,1240800.0,0.0,,,0.00
2850,新產,117.0,77,2,77000,2000,9009000.0,234000.0,0.026,2.60,0.00
2851,中再保,24.95,643,0,643000,0,16042850.0,0.0,,,0.01
2852,第一保,26.6,386,2,386000,2000,10267600.0,53200.0,0.0052,0.52,0.00
2855,統一證,24.05,2808,126,2808000,126000,67532400.0,3030300.0,0.0449,4.49,0.02
2880,華南金,29.6,455,47,455000,47000,13468000.0,1391200.0,0.1033,10.33,0.00
2881,富邦金,91.8,9027,165,9027000,165000,828678600.0,15147000.0,0.0183,1.83,0.29
2882,國泰金,64.7,6094,469,6094000,469000,394281800.0,30344300.0,0.077,7.70,0.14
2883,凱基金,15.9,28697,317,28697000,317000,456282300.0,5040300.0,0.011,1.10,0.16
2884,玉山金,29.95,16398,122,16398000,122000,491120100.0,3653900.0,0.0074,0.74,0.17
2885,元大金,35.45,626,4,626000,4000,22191700.0,141800.0,0.0064,0.64,0.01
2886,兆豐金,40.45,1288,23,1288000,23000,52099600.0,930350.0,0.0179,1.79,0.02
2887,台新新光金,19.05,84076,1343,84076000,1343000,1601647800.0,25584150.0,0.016,1.60,0.57
2889,國票金,16.1,1606,77,1606000,77000,25856600.0,1239700.0,0.0479,4.79,0.01
2890,永豐金,26.45,3006,64,3006000,64000,79508700.0,1692800.0,0.0213,2.13,0.03
2891,中信金,42.55,5010,128,5010000,128000,213175500.0,5446400.0,0.0255,2.55,0.08
2892,第一金,28.65,1404,14,1404000,14000,40224600.0,401100.0,0.01,1.00,0.01
2897,王道銀行,9.09,3205,1,3205000,1000,29133450.0,9090.0,0.0003,0.03,0.01
2901,欣欣,24.65,625,0,625000,0,15406250.0,0.0,,,0.01
2903,遠百,21.85,3807,0,3807000,0,83182950.0,0.0,,,0.03
2904,匯僑,17.25,25,0,25000,0,431250.0,0.0,,,0.00
2905,三商,14.9,10278,267,10278000,267000,153142200.0,3978300.0,0.026,2.60,0.05
2906,高林,13.65,727,0,727000,0,9923550.0,0.0,,,0.00
2908,特力,20.4,10261,3,10261000,3000,209324400.0,61200.0,0.0003,0.03,0.07
2910,統領,20.9,34,0,34000,0,710600.0,0.0,,,0.00
2912,統一超,235.5,626,3,626000,3000,147423000.0,706500.0,0.0048,0.48,0.05
2913,農林,14.25,8191,0,8191000,0,116721750.0,0.0,,,0.04
2915,潤泰全,54.6,9385,60,9385000,60000,512421000.0,3276000.0,0.0064,0.64,0.18
2929,淘帝-KY,8.29,1072,0,1072000,0,8886880.0,0.0,,,0.00
2939,永邑-KY,24.8,520,0,520000,0,12896000.0,0.0,,,0.00
3002,歐格,26.6,4380,450,4380000,450000,116508000.0,11970000.0,0.1027,10.27,0.04
3003,健和興,48.8,4267,15,4267000,15000,208229600.0,732000.0,0.0035,0.35,0.07
3004,豐達科,107.5,2254,8,2254000,8000,242305000.0,860000.0,0.0035,0.35,0.09
3005,神基,137.5,2323,458,2323000,458000,319412500.0,62975000.0,0.1972,19.72,0.11
3006,晶豪科,95.6,13871,1882,13871000,1882000,1326067600.0,179919200.0,0.1357,13.57,0.47
3008,大立光,2210.0,846,8,846000,8000,1869660000.0,17680000.0,0.0095,0.95,0.66
3010,華立,94.6,1536,1,1536000,1000,145305600.0,94600.0,0.0007,0.07,0.05
3011,今皓,13.35,2873,33,2873000,33000,38354550.0,440550.0,0.0115,1.15,0.01
3013,晟銘電,123.0,16159,153,16159000,153000,1987557000.0,18819000.0,0.0095,0.95,0.70
3014,聯陽,128.0,1603,3,1603000,3000,205184000.0,384000.0,0.0019,0.19,0.07
3015,全漢,61.1,2026,12,2026000,12000,123788600.0,733200.0,0.0059,0.59,0.04
3016,嘉晶,53.1,4276,961,4276000,961000,227055600.0,51029100.0,0.2247,22.47,0.08
3017,奇鋐,1495.0,6339,428,6339000,428000,9476805000.0,639860000.0,0.0675,6.75,3.34
3019,亞光,143.5,13690,222,13690000,222000,1964515000.0,31857000.0,0.0162,1.62,0.69
3021,鴻名,17.15,969,0,969000,0,16618350.0,0.0,,,0.01
3022,威強電,69.7,4989,43,4989000,43000,347733300.0,2997100.0,0.0086,0.86,0.12
3023,信邦,221.5,2844,34,2844000,34000,629946000.0,7531000.0,0.012,1.20,0.22
3024,憶聲,11.15,12661,24,12661000,24000,141170150.0,267600.0,0.0019,0.19,0.05
3025,星通,44.2,3030,22,3030000,22000,133926000.0,972400.0,0.0073,0.73,0.05
3026,禾伸堂,114.5,3558,23,3558000,23000,407391000.0,2633500.0,0.0065,0.65,0.14
3027,盛達,23.1,4526,14,4526000,14000,104550600.0,323400.0,0.0031,0.31,0.04
3028,增你強,34.8,1064,1,1064000,1000,37027200.0,34800.0,0.0009,0.09,0.01
3029,零壹,114.0,4164,43,4164000,43000,474696000.0,4902000.0,0.0103,1.03,0.17
3030,德律,158.0,4267,136,4267000,136000,674186000.0,21488000.0,0.0319,3.19,0.24
3031,佰鴻,20.1,2483,1,2483000,1000,49908300.0,20100.0,0.0004,0.04,0.02
3032,偉訓,101.0,7977,256,7977000,256000,805677000.0,25856000.0,0.0321,3.21,0.28
3033,威健,29.45,4702,123,4702000,123000,138473900.0,3622350.0,0.0262,2.62,0.05
3034,聯詠,386.0,3753,110,3753000,110000,1448658000.0,42460000.0,0.0293,2.93,0.51
3035,智原,173.5,14000,726,14000000,726000,2429000000.0,125961000.0,0.0519,5.19,0.86
3036,文曄,154.0,2295,96,2295000,96000,353430000.0,14784000.0,0.0418,4.18,0.12
3037,欣興,165.5,25184,950,25184000,950000,4167952000.0,157225000.0,0.0377,3.77,1.47
3038,全台,20.65,1380,0,1380000,0,28497000.0,0.0,,,0.01
3040,遠見,60.6,12606,111,12606000,111000,763923600.0,6726600.0,0.0088,0.88,0.27
3041,揚智,28.5,2966,107,2966000,107000,84531000.0,3049500.0,0.0361,3.61,0.03
3042,晶技,84.4,3587,35,3587000,35000,302742800.0,2954000.0,0.0098,0.98,0.11
3043,科風,22.8,1258,0,1258000,0,28682400.0,0.0,,,0.01
3044,健鼎,337.0,4084,82,4084000,82000,1376308000.0,27634000.0,0.0201,2.01,0.49
3045,台灣大,110.0,2195,43,2195000,43000,241450000.0,4730000.0,0.0196,1.96,0.09
3046,建碁,51.4,1194,1,1194000,1000,61371600.0,51400.0,0.0008,0.08,0.02
3047,訊舟,19.5,10595,395,10595000,395000,206602500.0,7702500.0,0.0373,3.73,0.07
3048,益登,37.9,6187,142,6187000,142000,234487300.0,5381800.0,0.023,2.30,0.08
3050,鈺德,11.95,3893,5,3893000,5000,46521350.0,59750.0,0.0013,0.13,0.02
3051,力特,20.2,2224,62,2224000,62000,44924800.0,1252400.0,0.0279,2.79,0.02
3052,夆典,11.35,2476,3,2476000,3000,28102600.0,34050.0,0.0012,0.12,0.01
3055,蔚華科,61.2,6324,46,6324000,46000,387028800.0,2815200.0,0.0073,0.73,0.14
3056,富華新,19.85,5620,133,5620000,133000,111557000.0,2640050.0,0.0237,2.37,0.04
3059,華晶科,44.7,13854,75,13854000,75000,619273800.0,3352500.0,0.0054,0.54,0.22
3060,銘異,21.75,7547,40,7547000,40000,164147250.0,870000.0,0.0053,0.53,0.06
3062,建漢,25.9,14246,283,14246000,283000,368971400.0,7329700.0,0.0199,1.99,0.13
3090,日電貿,84.3,4328,33,4328000,33000,364850400.0,2781900.0,0.0076,0.76,0.13
3092,鴻碩,13.8,1349,1,1349000,1000,18616200.0,13800.0,0.0007,0.07,0.01
3094,聯傑,24.05,1592,4,1592000,4000,38287600.0,96200.0,0.0025,0.25,0.01
3130,一零四,225.0,6,0,6000,0,1350000.0,0.0,,,0.00
3138,耀登,89.8,1047,1,1047000,1000,94020600.0,89800.0,0.001,0.10,0.03
3149,正達,39.35,21312,157,21312000,157000,838627200.0,6177950.0,0.0074,0.74,0.30
3150,鈺寶-創,20.3,115,0,115000,0,2334500.0,0.0,,,0.00
3164,景岳,18.5,227,0,227000,0,4199500.0,0.0,,,0.00
3167,大量,199.5,8592,432,8592000,432000,1714104000.0,86184000.0,0.0503,5.03,0.60
3168,眾福科,43.8,36,0,36000,0,1576800.0,0.0,,,0.00
3189,景碩,130.0,10185,642,10185000,642000,1324050000.0,83460000.0,0.063,6.30,0.47
3209,全科,32.35,2163,16,2163000,16000,69973050.0,517600.0,0.0074,0.74,0.02
3231,緯創,142.0,54749,1916,54749000,1916000,7774358000.0,272072000.0,0.035,3.50,2.74
3257,虹冠電,72.7,3581,111,3581000,111000,260338700.0,8069700.0,0.031,3.10,0.09
3266,昇陽,13.6,770,0,770000,0,10472000.0,0.0,,,0.00
3296,勝德,21.3,2253,0,2253000,0,47988900.0,0.0,,,0.02
3305,昇貿,109.5,11146,547,11146000,547000,1220487000.0,59896500.0,0.0491,4.91,0.43
3308,聯德,14.8,631,0,631000,0,9338800.0,0.0,,,0.00
3311,閎暉,33.85,4947,47,4947000,47000,167455950.0,1590950.0,0.0095,0.95,0.06
3312,弘憶股,37.15,6323,21,6323000,21000,234899450.0,780150.0,0.0033,0.33,0.08
3338,泰碩,51.8,3314,11,3314000,11000,171665200.0,569800.0,0.0033,0.33,0.06
3346,麗清,19.9,2137,11,2137000,11000,42526300.0,218900.0,0.0051,0.51,0.02
3356,奇偶,45.9,3027,6,3027000,6000,138939300.0,275400.0,0.002,0.20,0.05
3376,新日興,205.0,8977,152,8977000,152000,1840285000.0,31160000.0,0.0169,1.69,0.65
3380,明泰,29.75,5542,244,5542000,244000,164874500.0,7259000.0,0.044,4.40,0.06
3406,玉晶光,427.0,3454,96,3454000,96000,1474858000.0,40992000.0,0.0278,2.78,0.52
3413,京鼎,364.5,3843,53,3843000,53000,1400773500.0,19318500.0,0.0138,1.38,0.49
3416,融程電,160.0,1516,40,1516000,40000,242560000.0,6400000.0,0.0264,2.64,0.09
3437,榮創,14.45,2476,33,2476000,33000,35778200.0,476850.0,0.0133,1.33,0.01
3443,創意,1735.0,4743,188,4743000,188000,8229105000.0,326180000.0,0.0396,3.96,2.90
3447,展達,56.0,3904,60,3904000,60000,218624000.0,3360000.0,0.0154,1.54,0.08
3450,聯鈞,260.0,22103,604,22103000,604000,5746780000.0,157040000.0,0.0273,2.73,2.03
3454,晶睿,82.6,902,11,902000,11000,74505200.0,908600.0,0.0122,1.22,0.03
3481,群創,13.95,167012,1640,167012000,1640000,2329817400.0,22878000.0,0.0098,0.98,0.82
3501,維熹,51.7,542,0,542000,0,28021400.0,0.0,,,0.01
3504,揚明光,52.7,2222,189,2222000,189000,117099400.0,9960300.0,0.0851,8.51,0.04
3515,華擎,322.0,1202,43,1202000,43000,387044000.0,13846000.0,0.0358,3.58,0.14
3518,柏騰,20.0,3683,62,3683000,62000,73660000.0,1240000.0,0.0168,1.68,0.03
3528,安馳,76.2,2178,10,2178000,10000,165963600.0,762000.0,0.0046,0.46,0.06
3530,晶相光,59.8,1043,0,1043000,0,62371400.0,0.0,,,0.02
3532,台勝科,91.7,3809,42,3809000,42000,349285300.0,3851400.0,0.011,1.10,0.12
3533,嘉澤,1385.0,900,9,900000,9000,1246500000.0,12465000.0,0.01,1.00,0.44
3535,晶彩科,75.7,10693,1676,10693000,1676000,809460100.0,126873200.0,0.1567,15.67,0.29
3543,州巧,49.25,4810,1060,4810000,1060000,236892500.0,52205000.0,0.2204,22.04,0.08
3545,敦泰,57.1,4839,160,4839000,160000,276306900.0,9136000.0,0.0331,3.31,0.10
3550,聯穎,13.15,9559,257,9559000,257000,125700850.0,3379550.0,0.0269,2.69,0.04
3557,嘉威,39.1,576,0,576000,0,22521600.0,0.0,,,0.01
3563,牧德,508.0,4741,11,4741000,11000,2408428000.0,5588000.0,0.0023,0.23,0.85
3583,辛耘,339.0,2620,16,2620000,16000,888180000.0,5424000.0,0.0061,0.61,0.31
3588,通嘉,49.5,1415,3,1415000,3000,70042500.0,148500.0,0.0021,0.21,0.02
3591,艾笛森,18.05,21893,9,21893000,9000,395168650.0,162450.0,0.0004,0.04,0.14
3592,瑞鼎,238.0,676,119,676000,119000,160888000.0,28322000.0,0.176,17.60,0.06
3596,智易,198.0,736,30,736000,30000,145728000.0,5940000.0,0.0408,4.08,0.05
3605,宏致,70.0,8786,81,8786000,81000,615020000.0,5670000.0,0.0092,0.92,0.22
3607,谷崧,12.3,2926,0,2926000,0,35989800.0,0.0,,,0.01
3617,碩天,256.5,1813,20,1813000,20000,465034500.0,5130000.0,0.011,1.10,0.16
3622,洋華,55.6,1593,6,1593000,6000,88570800.0,333600.0,0.0038,0.38,0.03
3645,達邁,59.9,9835,244,9835000,244000,589116500.0,14615600.0,0.0248,2.48,0.21
3652,精聯,28.3,1146,0,1146000,0,32431800.0,0.0,,,0.01
3653,健策,2190.0,2895,70,2895000,70000,6340050000.0,153300000.0,0.0242,2.42,2.24
3661,世芯-KY,3670.0,5370,135,5370000,135000,19707900000.0,495450000.0,0.0251,2.51,6.95
3665,貿聯-KY,1370.0,3166,247,3166000,247000,4337420000.0,338390000.0,0.078,7.80,1.53
3669,圓展,28.9,865,0,865000,0,24998500.0,0.0,,,0.01
3673,TPK-KY,38.0,8929,40,8929000,40000,339302000.0,1520000.0,0.0045,0.45,0.12
3679,新至陞,125.0,208,0,208000,0,26000000.0,0.0,,,0.01
3694,海華,73.9,6695,42,6695000,42000,494760500.0,3103800.0,0.0063,0.63,0.17
3701,大眾控,34.5,2886,8,2886000,8000,99567000.0,276000.0,0.0028,0.28,0.04
3702,大聯大,60.9,2057,154,2057000,154000,125271300.0,9378600.0,0.0749,7.49,0.04
3703,欣陸,21.05,1432,22,1432000,22000,30143600.0,463100.0,0.0154,1.54,0.01
3704,合勤控,36.05,11579,401,11579000,401000,417422950.0,14456050.0,0.0346,3.46,0.15
3705,永信,56.2,738,3,738000,3000,41475600.0,168600.0,0.0041,0.41,0.01
3706,神達,94.7,43338,820,43338000,820000,4104108600.0,77654000.0,0.0189,1.89,1.45
3708,上緯投控,127.0,10890,176,10890000,176000,1383030000.0,22352000.0,0.0162,1.62,0.49
3711,日月光投控,234.0,6184,808,6184000,808000,1447056000.0,189072000.0,0.1307,13.07,0.51
3712,永崴投控,34.55,5692,46,5692000,46000,196658600.0,1589300.0,0.0081,0.81,0.07
3714,富采,34.35,14134,57,14134000,57000,485502900.0,1957950.0,0.004,0.40,0.17
3715,定穎投控,92.6,28922,2200,28922000,2200000,2678177200.0,203720000.0,0.0761,7.61,0.95
3716,中化控股,33.9,807,0,807000,0,27357300.0,0.0,,,0.01
3717,聯嘉投控,18.05,6717,2,6717000,2000,121241850.0,36100.0,0.0003,0.03,0.04
4104,佳醫,85.4,75,0,75000,0,6405000.0,0.0,,,0.00
4106,雃博,21.2,482,0,482000,0,10218400.0,0.0,,,0.00
4119,旭富,57.0,476,6,476000,6000,27132000.0,342000.0,0.0126,1.26,0.01
4133,亞諾法,23.65,801,0,801000,0,18943650.0,0.0,,,0.01
4137,麗豐-KY,100.0,1203,0,1203000,0,120300000.0,0.0,,,0.04
4142,國光生,18.2,5163,75,5163000,75000,93966600.0,1365000.0,0.0145,1.45,0.03
4148,全宇生技-KY,38.5,618,0,618000,0,23793000.0,0.0,,,0.01
4155,訊映,14.0,613,12,613000,12000,8582000.0,168000.0,0.0196,1.96,0.00
4164,承業醫,43.25,7796,22,7796000,22000,337177000.0,951500.0,0.0028,0.28,0.12
4190,佐登-KY,31.6,501,0,501000,0,15831600.0,0.0,,,0.01
4306,炎洲,13.2,4283,45,4283000,45000,56535600.0,594000.0,0.0105,1.05,0.02
4414,如興,10.1,222,45,222000,45000,2242200.0,454500.0,0.2027,20.27,0.00
4426,利勤,10.0,1015,0,1015000,0,10150000.0,0.0,,,0.00
4438,廣越,79.5,741,23,741000,23000,58909500.0,1828500.0,0.031,3.10,0.02
4439,冠星-KY,92.5,336,0,336000,0,31080000.0,0.0,,,0.01
4440,宜新實業,18.9,527,0,527000,0,9960300.0,0.0,,,0.00
4526,東台,32.1,8781,844,8781000,844000,281870100.0,27092400.0,0.0961,9.61,0.10
4532,瑞智,22.75,5078,34,5078000,34000,115524500.0,773500.0,0.0067,0.67,0.04
4536,拓凱,184.0,530,0,530000,0,97520000.0,0.0,,,0.03
4540,全球傳動,37.55,4639,125,4639000,125000,174194450.0,4693750.0,0.0269,2.69,0.06
4545,銘鈺,30.65,1156,0,1156000,0,35431400.0,0.0,,,0.01
4551,智伸科,134.5,2205,29,2205000,29000,296572500.0,3900500.0,0.0132,1.32,0.10
4552,力達-KY,20.65,758,3,758000,3000,15652700.0,61950.0,0.004,0.40,0.01
4555,氣立,43.35,3007,272,3007000,272000,130353450.0,11791200.0,0.0905,9.05,0.05
4557,永新-KY,65.5,355,0,355000,0,23252500.0,0.0,,,0.01
4560,強信-KY,31.35,235,0,235000,0,7367250.0,0.0,,,0.00
4562,穎漢,39.7,3117,161,3117000,161000,123744900.0,6391700.0,0.0517,5.17,0.04
4564,元翎,17.4,8483,103,8483000,103000,147604200.0,1792200.0,0.0121,1.21,0.05
4566,時碩工業,53.7,5835,3,5835000,3000,313339500.0,161100.0,0.0005,0.05,0.11
4569,六方科-KY,165.5,850,0,850000,0,140675000.0,0.0,,,0.05
4571,鈞興-KY,171.0,1813,2,1813000,2000,310023000.0,342000.0,0.0011,0.11,0.11
4572,駐龍,149.5,352,8,352000,8000,52624000.0,1196000.0,0.0227,2.27,0.02
4576,大銀微系統,110.5,3574,48,3574000,48000,394927000.0,5304000.0,0.0134,1.34,0.14
4581,光隆精密-KY,53.0,64,0,64000,0,3392000.0,0.0,,,0.00
4583,台灣精銳,609.0,1661,125,1661000,125000,1011549000.0,76125000.0,0.0753,7.53,0.36
4588,玖鼎電力,68.6,283,0,283000,0,19413800.0,0.0,,,0.01
4720,德淵,14.1,1651,0,1651000,0,23279100.0,0.0,,,0.01
4722,國精化,170.5,19397,708,19397000,708000,3307188500.0,120714000.0,0.0365,3.65,1.17
4736,泰博,126.0,310,0,310000,0,39060000.0,0.0,,,0.01
4737,華廣,63.5,612,0,612000,0,38862000.0,0.0,,,0.01
4739,康普,63.4,1600,23,1600000,23000,101440000.0,1458200.0,0.0144,1.44,0.04
4746,台耀,61.0,2177,0,2177000,0,132797000.0,0.0,,,0.05
4755,三福化,108.5,293,1,293000,1000,31790500.0,108500.0,0.0034,0.34,0.01
4763,材料*-KY,59.2,44173,1526,44173000,1526000,2615041600.0,90339200.0,0.0345,3.45,0.92
4764,雙鍵,71.8,702,65,702000,65000,50403600.0,4667000.0,0.0926,9.26,0.02
4766,南寶,358.0,1342,2,1342000,2000,480436000.0,716000.0,0.0015,0.15,0.17
4770,上品,245.0,844,7,844000,7000,206780000.0,1715000.0,0.0083,0.83,0.07
4771,望隼,181.5,694,0,694000,0,125961000.0,0.0,,,0.04
4807,日成-KY,18.15,509,57,509000,57000,9238350.0,1034550.0,0.112,11.20,0.00
4904,遠傳,93.5,106,69,106000,69000,9911000.0,6451500.0,0.6509,65.09,0.00
4906,正文,26.55,13024,99,13024000,99000,345787200.0,2628450.0,0.0076,0.76,0.12
4912,聯德控股-KY,76.8,3333,0,3333000,0,255974400.0,0.0,,,0.09
4915,致伸,88.1,2676,42,2676000,42000,235755600.0,3700200.0,0.0157,1.57,0.08
4916,事欣科,53.1,12836,262,12836000,262000,681591600.0,13912200.0,0.0204,2.04,0.24
4919,新唐,53.8,6121,125,6121000,125000,329309800.0,6725000.0,0.0204,2.04,0.12
4927,泰鼎-KY,21.35,27475,146,27475000,146000,586591250.0,3117100.0,0.0053,0.53,0.21
4930,燦星網,22.4,3283,0,3283000,0,73539200.0,0.0,,,0.03
4935,茂林-KY,40.8,678,2,678000,2000,27662400.0,81600.0,0.0029,0.29,0.01
4938,和碩,74.0,6934,62,6934000,62000,513116000.0,4588000.0,0.0089,0.89,0.18
4942,嘉彰,40.2,1498,1,1498000,1000,60219600.0,40200.0,0.0007,0.07,0.02
4949,有成精密,36.1,3321,103,3321000,103000,119888100.0,3718300.0,0.031,3.10,0.04
4952,凌通,37.95,1652,0,1652000,0,62693400.0,0.0,,,0.02
4956,光鋐,18.75,5852,58,5852000,58000,109725000.0,1087500.0,0.0099,0.99,0.04
4958,臻鼎-KY,157.0,10888,196,10888000,196000,1709416000.0,30772000.0,0.018,1.80,0.60
4960,誠美材,13.35,13218,39,13218000,39000,176460300.0,520650.0,0.003,0.30,0.06
4961,天鈺,145.0,1643,72,1643000,72000,238235000.0,10440000.0,0.0438,4.38,0.08
4967,十銓,138.0,7108,905,7108000,905000,980904000.0,124890000.0,0.1273,12.73,0.35
4968,立積,148.5,6821,53,6821000,53000,1012918500.0,7870500.0,0.0078,0.78,0.36
4976,佳凌,32.5,4462,117,4462000,117000,145015000.0,3802500.0,0.0262,2.62,0.05
4977,眾達-KY,113.5,8428,164,8428000,164000,956578000.0,18614000.0,0.0195,1.95,0.34
4989,榮科,47.1,13641,11415,13641000,11415000,642491100.0,537646500.0,0.8368,83.68,0.23
4994,傳奇,97.5,1657,1,1657000,1000,161557500.0,97500.0,0.0006,0.06,0.06
4999,鑫禾,25.95,513,0,513000,0,13312350.0,0.0,,,0.00
5007,三星,51.1,6,0,6000,0,306600.0,0.0,,,0.00
5203,訊連,97.3,2105,3,2105000,3000,204816500.0,291900.0,0.0014,0.14,0.07
5215,科嘉-KY,37.6,799,0,799000,0,30042400.0,0.0,,,0.01
5222,全訊,134.5,1684,35,1684000,35000,226498000.0,4707500.0,0.0208,2.08,0.08
5225,東科-KY,112.5,2230,44,2230000,44000,250875000.0,4950000.0,0.0197,1.97,0.09
5234,達興材料,384.5,2049,215,2049000,215000,787840500.0,82667500.0,0.1049,10.49,0.28
5243,乙盛-KY,81.0,12851,62,12851000,62000,1040931000.0,5022000.0,0.0048,0.48,0.37
5244,弘凱,40.0,2967,256,2967000,256000,118680000.0,10240000.0,0.0863,8.63,0.04
5258,虹堡,69.4,5495,13,5495000,13000,381353000.0,902200.0,0.0024,0.24,0.13
5269,祥碩,1435.0,1560,7,1560000,7000,2238600000.0,10045000.0,0.0045,0.45,0.79
5283,禾聯碩,61.0,119,0,119000,0,7259000.0,0.0,,,0.00
5284,jpp-KY,298.0,4517,90,4517000,90000,1346066000.0,26820000.0,0.0199,1.99,0.48
5285,界霖,52.0,1676,6,1676000,6000,87152000.0,312000.0,0.0036,0.36,0.03
5288,豐祥-KY,129.5,991,6,991000,6000,128334500.0,777000.0,0.0061,0.61,0.05
5292,華懋,145.5,280,0,280000,0,40740000.0,0.0,,,0.01
5306,桂盟,88.5,460,0,460000,0,40710000.0,0.0,,,0.01
5388,中磊,84.9,3068,63,3068000,63000,260473200.0,5348700.0,0.0205,2.05,0.09
5434,崇越,335.0,810,12,810000,12000,271350000.0,4020000.0,0.0148,1.48,0.10
5469,瀚宇博,95.8,27972,693,27972000,693000,2679717600.0,66389400.0,0.0248,2.48,0.95
5471,松翰,34.7,2373,46,2373000,46000,82343100.0,1596200.0,0.0194,1.94,0.03
5515,建國,26.8,883,0,883000,0,23664400.0,0.0,,,0.01
5519,隆大,29.05,1713,1,1713000,1000,49762650.0,29050.0,0.0006,0.06,0.02
5521,工信,14.7,6003,773,6003000,773000,88244100.0,11363100.0,0.1288,12.88,0.03
5522,遠雄,54.4,1908,244,1908000,244000,103795200.0,13273600.0,0.1279,12.79,0.04
5525,順天,28.5,321,0,321000,0,9148500.0,0.0,,,0.00
5533,皇鼎,14.8,889,0,889000,0,13157200.0,0.0,,,0.00
5534,長虹,77.4,3377,14,3377000,14000,261379800.0,1083600.0,0.0041,0.41,0.09
5538,東明-KY,29.1,67,0,67000,0,1949700.0,0.0,,,0.00
5546,永固-KY,24.15,26,0,26000,0,627900.0,0.0,,,0.00
5607,遠雄港,50.0,1727,5,1727000,5000,86350000.0,250000.0,0.0029,0.29,0.03
5608,四維航,17.4,7218,490,7218000,490000,125593200.0,8526000.0,0.0679,6.79,0.04
5706,鳳凰,52.9,1294,4,1294000,4000,68452600.0,211600.0,0.0031,0.31,0.02
5871,中租-KY,103.5,7590,29,7590000,29000,785565000.0,3001500.0,0.0038,0.38,0.28
5876,上海商銀,39.5,1075,52,1075000,52000,42462500.0,2054000.0,0.0484,4.84,0.01
5880,合庫金,23.8,1196,5,1196000,5000,28464800.0,119000.0,0.0042,0.42,0.01
5906,台南-KY,51.7,294,0,294000,0,15199800.0,0.0,,,0.01
5907,大洋-KY,5.85,2463,0,2463000,0,14408550.0,0.0,,,0.01
6005,群益證,24.3,1736,61,1736000,61000,42184800.0,1482300.0,0.0351,3.51,0.01
6024,群益期,50.0,75,1,75000,1000,3750000.0,50000.0,0.0133,1.33,0.00
6108,競國,13.8,1877,18,1877000,18000,25902600.0,248400.0,0.0096,0.96,0.01
6112,邁達特,51.1,4238,28,4238000,28000,216561800.0,1430800.0,0.0066,0.66,0.08
6115,鎰勝,46.55,30,0,30000,0,1396500.0,0.0,,,0.00
6116,彩晶,7.3,28476,99,28476000,99000,207874800.0,722700.0,0.0035,0.35,0.07
6117,迎廣,79.3,3967,301,3967000,301000,314583100.0,23869300.0,0.0759,7.59,0.11
6120,達運,11.45,6785,21,6785000,21000,77688250.0,240450.0,0.0031,0.31,0.03
6128,上福,27.85,125,16,125000,16000,3481250.0,445600.0,0.128,12.80,0.00
6133,金橋,15.5,2539,30,2539000,30000,39354500.0,465000.0,0.0118,1.18,0.01
6136,富爾特,23.5,3765,0,3765000,0,88477500.0,0.0,,,0.03
6139,亞翔,480.0,9327,219,9327000,219000,4476960000.0,105120000.0,0.0235,2.35,1.58
6153,嘉聯益,14.95,15160,899,15160000,899000,226642000.0,13440050.0,0.0593,5.93,0.08
6155,鈞寶,26.25,2099,13,2099000,13000,55098750.0,341250.0,0.0062,0.62,0.02
6164,華興,9.46,4753,3,4753000,3000,44963380.0,28380.0,0.0006,0.06,0.02
6165,浪凡,53.7,16453,10,16453000,10000,883526100.0,537000.0,0.0006,0.06,0.31
6166,凌華,58.0,3593,47,3593000,47000,208394000.0,2726000.0,0.0131,1.31,0.07
6168,宏齊,19.9,2523,26,2523000,26000,50207700.0,517400.0,0.0103,1.03,0.02
6176,瑞儀,132.0,1907,1,1907000,1000,251724000.0,132000.0,0.0005,0.05,0.09
6177,達麗,48.05,2881,499,2881000,499000,138432050.0,23976950.0,0.1732,17.32,0.05
6183,關貿,94.4,22,0,22000,0,2076800.0,0.0,,,0.00
6184,大豐電,48.65,610,8,610000,8000,29676500.0,389200.0,0.0131,1.31,0.01
6189,豐藝,46.9,3549,11,3549000,11000,166448100.0,515900.0,0.0031,0.31,0.06
6191,精成科,129.0,24287,549,24287000,549000,3133023000.0,70821000.0,0.0226,2.26,1.11
6192,巨路,99.9,726,0,726000,0,72527400.0,0.0,,,0.03
6196,帆宣,243.5,1582,173,1582000,173000,385217000.0,42125500.0,0.1094,10.94,0.14
6197,佳必琪,151.0,5411,44,5411000,44000,817061000.0,6644000.0,0.0081,0.81,0.29
6201,亞弘電,56.0,31,0,31000,0,1736000.0,0.0,,,0.00
6202,盛群,38.0,3933,49,3933000,49000,149454000.0,1862000.0,0.0125,1.25,0.05
6205,詮欣,41.95,2313,0,2313000,0,97030350.0,0.0,,,0.03
6206,飛捷,111.5,3670,13,3670000,13000,409205000.0,1449500.0,0.0035,0.35,0.14
6209,今國光,47.8,11586,880,11586000,880000,553810800.0,42064000.0,0.076,7.60,0.20
6213,聯茂,119.0,18422,732,18422000,732000,2192218000.0,87108000.0,0.0397,3.97,0.77
6214,精誠,128.0,3924,13,3924000,13000,502272000.0,1664000.0,0.0033,0.33,0.18
6215,和椿,113.5,5847,706,5847000,706000,663634500.0,80131000.0,0.1207,12.07,0.23
6216,居易,26.55,1122,136,1122000,136000,29789100.0,3610800.0,0.1212,12.12,0.01
6224,聚鼎,45.95,994,0,994000,0,45674300.0,0.0,,,0.02
6230,尼得科超眾,136.0,616,0,616000,0,83776000.0,0.0,,,0.03
6235,華孚,68.5,6990,162,6990000,162000,478815000.0,11097000.0,0.0232,2.32,0.17
6239,力成,170.0,6607,100,6607000,100000,1123190000.0,17000000.0,0.0151,1.51,0.40
6243,迅杰,30.95,1752,1,1752000,1000,54224400.0,30950.0,0.0006,0.06,0.02
6257,矽格,96.9,4072,127,4072000,127000,394576800.0,12306300.0,0.0312,3.12,0.14
6269,台郡,63.0,4920,438,4920000,438000,309960000.0,27594000.0,0.089,8.90,0.11
6271,同欣電,127.0,4564,28,4564000,28000,579628000.0,3556000.0,0.0061,0.61,0.20
6277,宏正,59.4,324,0,324000,0,19245600.0,0.0,,,0.01
6278,台表科,104.5,3420,24,3420000,24000,357390000.0,2508000.0,0.007,0.70,0.13
6281,全國電,66.8,11,0,11000,0,734800.0,0.0,,,0.00
6282,康舒,42.25,25853,964,25853000,964000,1092289250.0,40729000.0,0.0373,3.73,0.39
6283,淳安,25.5,2197,7,2197000,7000,56023500.0,178500.0,0.0032,0.32,0.02
6285,啟碁,117.5,9583,140,9583000,140000,1126002500.0,16450000.0,0.0146,1.46,0.40
6405,悅城,27.25,3277,19,3277000,19000,89298250.0,517750.0,0.0058,0.58,0.03
6409,旭隼,1250.0,512,5,512000,5000,640000000.0,6250000.0,0.0098,0.98,0.23
6412,群電,90.0,992,29,992000,29000,89280000.0,2610000.0,0.0292,2.92,0.03
6414,樺漢,285.0,1386,38,1386000,38000,395010000.0,10830000.0,0.0274,2.74,0.14
6415,矽力*-KY,219.0,4724,49,4724000,49000,1034556000.0,10731000.0,0.0104,1.04,0.37
6416,瑞祺電通,83.4,2680,1,2680000,1000,223512000.0,83400.0,0.0004,0.04,0.08
6423,億而得-創,75.0,91,0,91000,0,6825000.0,0.0,,,0.00
6426,統新,74.1,1363,1,1363000,1000,100998300.0,74100.0,0.0007,0.07,0.04
6438,迅得,152.0,5414,38,5414000,38000,822928000.0,5776000.0,0.007,0.70,0.29
6442,光聖,902.0,5652,612,5652000,612000,5098104000.0,552024000.0,0.1083,10.83,1.80
6443,元晶,14.0,15866,482,15866000,482000,222124000.0,6748000.0,0.0304,3.04,0.08
6446,藥華藥,510.0,6832,13,6832000,13000,3484320000.0,6630000.0,0.0019,0.19,1.23
6449,鈺邦,177.0,3367,109,3367000,109000,595959000.0,19293000.0,0.0324,3.24,0.21
6451,訊芯-KY,153.0,4534,52,4534000,52000,693702000.0,7956000.0,0.0115,1.15,0.24
6456,GIS-KY,48.4,3447,102,3447000,102000,166834800.0,4936800.0,0.0296,2.96,0.06
6464,台數科,77.5,4,0,4000,0,310000.0,0.0,,,0.00
6472,保瑞,641.0,3822,61,3822000,61000,2449902000.0,39101000.0,0.016,1.60,0.86
6477,安集,37.0,3645,266,3645000,266000,134865000.0,9842000.0,0.073,7.30,0.05
6491,晶碩,337.5,1015,16,1015000,16000,342562500.0,5400000.0,0.0158,1.58,0.12
6504,南六,43.1,89,1,89000,1000,3835900.0,43100.0,0.0112,1.12,0.00
6505,台塑化,47.85,6869,386,6869000,386000,328681650.0,18470100.0,0.0562,5.62,0.12
6515,穎崴,2500.0,661,166,661000,166000,1652500000.0,415000000.0,0.2511,25.11,0.58
6525,捷敏-KY,80.2,872,0,872000,0,69934400.0,0.0,,,0.02
6526,達發,486.0,1149,4,1149000,4000,558414000.0,1944000.0,0.0035,0.35,0.20
6531,愛普*,410.5,8349,449,8349000,449000,3427264500.0,184314500.0,0.0538,5.38,1.21
6533,晶心科,266.0,2154,827,2154000,827000,572964000.0,219982000.0,0.3839,38.39,0.20
6534,正瀚-創,100.0,1514,0,1514000,0,151400000.0,0.0,,,0.05
6541,泰福-KY,56.9,3236,3,3236000,3000,184128400.0,170700.0,0.0009,0.09,0.06
6552,易華電,25.4,1528,1,1528000,1000,38811200.0,25400.0,0.0007,0.07,0.01
6558,興能高,40.25,4795,221,4795000,221000,192998750.0,8895250.0,0.0461,4.61,0.07
6579,研揚,129.0,824,0,824000,0,106296000.0,0.0,,,0.04
6581,鋼聯,112.0,26,0,26000,0,2912000.0,0.0,,,0.00
6582,申豐,32.25,422,0,422000,0,13609500.0,0.0,,,0.00
6585,鼎基,91.2,1572,3,1572000,3000,143366400.0,273600.0,0.0019,0.19,0.05
6589,台康生技,69.2,2996,0,2996000,0,207323200.0,0.0,,,0.07
6591,動力-KY,77.2,3310,74,3310000,74000,255532000.0,5712800.0,0.0224,2.24,0.09
6592,和潤企業,61.9,468,0,468000,0,28969200.0,0.0,,,0.01
6605,帝寶,144.5,2883,131,2883000,131000,416593500.0,18929500.0,0.0454,4.54,0.15
6606,建德工業,25.05,748,0,748000,0,18737400.0,0.0,,,0.01
6625,必應,79.3,1353,0,1353000,0,107292900.0,0.0,,,0.04
6641,基士德-KY,21.4,146,0,146000,0,3124400.0,0.0,,,0.00
6657,華安,44.2,1768,14,1768000,14000,78145600.0,618800.0,0.0079,0.79,0.03
6658,聯策,53.8,1618,11,1618000,11000,87048400.0,591800.0,0.0068,0.68,0.03
6666,羅麗芬-KY,49.3,325,1,325000,1000,16022500.0,49300.0,0.0031,0.31,0.01
6668,中揚光,38.95,3706,22,3706000,22000,144348700.0,856900.0,0.0059,0.59,0.05
6669,緯穎,4320.0,1545,112,1545000,112000,6674400000.0,483840000.0,0.0725,7.25,2.36
6670,復盛應用,245.5,702,0,702000,0,172341000.0,0.0,,,0.06
6671,三能-KY,36.45,34,0,34000,0,1239300.0,0.0,,,0.00
6672,騰輝電子-KY,89.5,3456,23,3456000,23000,309312000.0,2058500.0,0.0067,0.67,0.11
6674,鋐寶科技,20.7,294,0,294000,0,6085800.0,0.0,,,0.00
6689,伊雲谷,69.5,1580,0,1580000,0,109810000.0,0.0,,,0.04
6691,洋基工程,460.0,1021,6,1021000,6000,469660000.0,2760000.0,0.0059,0.59,0.17
6695,芯鼎,47.9,3668,101,3668000,101000,175697200.0,4837900.0,0.0275,2.75,0.06
6698,旭暉應材,31.9,1584,4,1584000,4000,50529600.0,127600.0,0.0025,0.25,0.02
6706,惠特,79.9,7365,626,7365000,626000,588463500.0,50017400.0,0.085,8.50,0.21
6715,嘉基,90.0,2877,2,2877000,2000,258930000.0,180000.0,0.0007,0.07,0.09
6719,力智,191.0,1625,12,1625000,12000,310375000.0,2292000.0,0.0074,0.74,0.11
6742,澤米,45.75,2530,90,2530000,90000,115747500.0,4117500.0,0.0356,3.56,0.04
6743,安普新,29.6,1071,2,1071000,2000,31701600.0,59200.0,0.0019,0.19,0.01
6753,龍德造船,122.5,5919,63,5919000,63000,725077500.0,7717500.0,0.0106,1.06,0.26
6754,匯僑設計,46.8,149,0,149000,0,6973200.0,0.0,,,0.00
6756,威鋒電子,78.4,825,5,825000,5000,64680000.0,392000.0,0.0061,0.61,0.02
6757,台灣虎航,69.2,5776,939,5776000,939000,399699200.0,64978800.0,0.1626,16.26,0.14
6768,志強-KY,113.5,2247,120,2247000,120000,255034500.0,13620000.0,0.0534,5.34,0.09
6770,力積電,31.25,85857,15789,85857000,15789000,2683031250.0,493406250.0,0.1839,18.39,0.95
6771,平和環保-創,49.8,145,0,145000,0,7221000.0,0.0,,,0.00
6776,展碁國際,51.9,351,11,351000,11000,18216900.0,570900.0,0.0313,3.13,0.01
6781,AES-KY,1280.0,2044,165,2044000,165000,2616320000.0,211200000.0,0.0807,8.07,0.92
6782,視陽,198.5,718,0,718000,0,142523000.0,0.0,,,0.05
6789,采鈺,245.0,7994,23,7994000,23000,1958530000.0,5635000.0,0.0029,0.29,0.69
6790,永豐實,38.25,386,0,386000,0,14764500.0,0.0,,,0.01
6792,詠業,54.3,361,0,361000,0,19602300.0,0.0,,,0.01
6796,晉弘,93.0,202,0,202000,0,18786000.0,0.0,,,0.01
6799,來頡,85.0,2747,11,2747000,11000,233495000.0,935000.0,0.004,0.40,0.08
6805,富世達,1460.0,2088,207,2088000,207000,3048480000.0,302220000.0,0.0991,9.91,1.08
6806,森崴能源,57.4,6239,426,6239000,426000,358118600.0,24452400.0,0.0683,6.83,0.13
6807,峰源-KY,46.8,215,2,215000,2000,10062000.0,93600.0,0.0093,0.93,0.00
6830,汎銓,158.0,1942,73,1942000,73000,306836000.0,11534000.0,0.0376,3.76,0.11
6834,天二科技,27.95,1859,0,1859000,0,51959050.0,0.0,,,0.02
6835,圓裕,38.55,756,0,756000,0,29143800.0,0.0,,,0.01
6838,台新藥,27.8,1289,10,1289000,10000,35834200.0,278000.0,0.0078,0.78,0.01
6854,錼創科技-KY創,146.5,5171,16,5171000,16000,757551500.0,2344000.0,0.0031,0.31,0.27
6861,睿生光電,57.4,460,2,460000,2000,26404000.0,114800.0,0.0043,0.43,0.01
6862,三集瑞-KY,175.0,1049,3,1049000,3000,183575000.0,525000.0,0.0029,0.29,0.06
6863,永道-KY,139.0,1089,0,1089000,0,151371000.0,0.0,,,0.05
6869,雲豹能源,114.0,3614,13,3614000,13000,411996000.0,1482000.0,0.0036,0.36,0.15
6873,泓德能源,126.0,4065,93,4065000,93000,512190000.0,11718000.0,0.0229,2.29,0.18
6885,全福生技,30.15,1960,1,1960000,1000,59094000.0,30150.0,0.0005,0.05,0.02
6887,寶綠特-KY,65.7,214,0,214000,0,14059800.0,0.0,,,0.00
6890,來億-KY,225.5,2646,3,2646000,3000,596673000.0,676500.0,0.0011,0.11,0.21
6901,鑽石投資,17.45,2561,1,2561000,1000,44689450.0,17450.0,0.0004,0.04,0.02
6902,GOGOLOOK,73.8,368,0,368000,0,27158400.0,0.0,,,0.01
6906,現觀科,100.0,534,0,534000,0,53400000.0,0.0,,,0.02
6914,阜爾運通,154.5,459,1,459000,1000,70915500.0,154500.0,0.0022,0.22,0.03
6916,華凌,17.95,641,0,641000,0,11505950.0,0.0,,,0.00
6923,中台,104.0,3056,9,3056000,9000,317824000.0,936000.0,0.0029,0.29,0.11
6928,攸泰科技,54.6,1011,20,1011000,20000,55200600.0,1092000.0,0.0198,1.98,0.02
6931,青松健康,62.3,163,3,163000,3000,10154900.0,186900.0,0.0184,1.84,0.00
6933,AMAX-KY,210.0,929,3,929000,3000,195090000.0,630000.0,0.0032,0.32,0.07
6936,永鴻生技,34.9,12,0,12000,0,418800.0,0.0,,,0.00
6937,天虹,249.5,1489,7,1489000,7000,371505500.0,1746500.0,0.0047,0.47,0.13
6949,沛爾生醫-創,372.0,2443,3,2443000,3000,908796000.0,1116000.0,0.0012,0.12,0.32
6951,青新-創,75.3,36,0,36000,0,2710800.0,0.0,,,0.00
6952,大武山,44.65,62,0,62000,0,2768300.0,0.0,,,0.00
6957,裕慶-KY,220.0,1741,13,1741000,13000,383020000.0,2860000.0,0.0075,0.75,0.14
6962,奕力-KY,42.8,9168,34,9168000,34000,392390400.0,1455200.0,0.0037,0.37,0.14
6965,中傑-KY,84.6,38,0,38000,0,3214800.0,0.0,,,0.00
6994,富威電力,94.5,1145,3,1145000,3000,108202500.0,283500.0,0.0026,0.26,0.04
7705,三商餐飲,42.4,177,0,177000,0,7504800.0,0.0,,,0.00
7722,LINEPAY,570.0,586,0,586000,0,334020000.0,0.0,,,0.12
7732,金興精密,35.8,77,0,77000,0,2756600.0,0.0,,,0.00
7736,虎山,95.8,9,0,9000,0,862200.0,0.0,,,0.00
8011,台通,21.45,5468,16,5468000,16000,117288600.0,343200.0,0.0029,0.29,0.04
8016,矽創,187.0,1888,20,1888000,20000,353056000.0,3740000.0,0.0106,1.06,0.12
8021,尖點,122.0,21431,4322,21431000,4322000,2614582000.0,527284000.0,0.2017,20.17,0.92
8028,昇陽半導體,171.5,10571,2588,10571000,2588000,1812926500.0,443842000.0,0.2448,24.48,0.64
8033,雷虎,137.5,8579,894,8579000,894000,1179612500.0,122925000.0,0.1042,10.42,0.42
8039,台虹,66.7,12346,220,12346000,220000,823478200.0,14674000.0,0.0178,1.78,0.29
8045,達運光電,85.8,4434,36,4434000,36000,380437200.0,3088800.0,0.0081,0.81,0.13
8046,南電,273.0,11464,2863,11464000,2863000,3129672000.0,781599000.0,0.2497,24.97,1.10
8070,長華*,46.0,9529,78,9529000,78000,438334000.0,3588000.0,0.0082,0.82,0.15
8072,陞泰,34.75,2099,24,2099000,24000,72940250.0,834000.0,0.0114,1.14,0.03
8081,致新,228.5,1141,6,1141000,6000,260718500.0,1371000.0,0.0053,0.53,0.09
8103,瀚荃,79.0,7172,377,7172000,377000,566588000.0,29783000.0,0.0526,5.26,0.20
8104,錸寶,32.4,3227,17,3227000,17000,104554800.0,550800.0,0.0053,0.53,0.04
8105,凌巨,11.45,10663,73,10663000,73000,122091350.0,835850.0,0.0068,0.68,0.04
8110,華東,26.25,18413,2732,18413000,2732000,483341250.0,71715000.0,0.1484,14.84,0.17
8112,至上,74.6,25178,1615,25178000,1615000,1878278800.0,120479000.0,0.0641,6.41,0.66
8114,振樺電,207.5,1355,14,1355000,14000,281162500.0,2905000.0,0.0103,1.03,0.10
8131,福懋科,39.85,4914,51,4914000,51000,195822900.0,2032350.0,0.0104,1.04,0.07
8150,南茂,34.85,6365,115,6365000,115000,221820250.0,4007750.0,0.0181,1.81,0.08
8162,微矽電子-創,36.5,37,0,37000,0,1350500.0,0.0,,,0.00
8163,達方,38.45,1554,69,1554000,69000,59751300.0,2653050.0,0.0444,4.44,0.02
8210,勤誠,995.0,1432,363,1432000,363000,1424840000.0,361185000.0,0.2535,25.35,0.50
8213,志超,34.45,2268,3,2268000,3000,78132600.0,103350.0,0.0013,0.13,0.03
8215,明基材,20.05,1363,12,1363000,12000,27328150.0,240600.0,0.0088,0.88,0.01
8222,寶一,43.9,4484,148,4484000,148000,196847600.0,6497200.0,0.033,3.30,0.07
8249,菱光,52.0,4915,118,4915000,118000,255580000.0,6136000.0,0.024,2.40,0.09
8261,富鼎,101.0,4724,36,4724000,36000,477124000.0,3636000.0,0.0076,0.76,0.17
8271,宇瞻,96.5,5018,285,5018000,285000,484237000.0,27502500.0,0.0568,5.68,0.17
8341,日友,87.1,303,1,303000,1000,26391300.0,87100.0,0.0033,0.33,0.01
8367,建新國際,42.45,65,0,65000,0,2759250.0,0.0,,,0.00
8374,羅昇,87.0,2443,121,2443000,121000,212541000.0,10527000.0,0.0495,4.95,0.08
8404,百和興業-KY,25.2,4634,120,4634000,120000,116776800.0,3024000.0,0.0259,2.59,0.04
8411,福貞-KY,12.55,37,0,37000,0,464350.0,0.0,,,0.00
8429,金麗-KY,7.53,10221,13,10221000,13000,76964130.0,97890.0,0.0013,0.13,0.03
8438,昶昕,30.4,683,0,683000,0,20763200.0,0.0,,,0.01
8442,威宏-KY,72.1,733,0,733000,0,52849300.0,0.0,,,0.02
8443,阿瘦,11.8,119,0,119000,0,1404200.0,0.0,,,0.00
8454,富邦媒,248.0,702,15,702000,15000,174096000.0,3720000.0,0.0214,2.14,0.06
8462,柏文,169.0,858,9,858000,9000,145002000.0,1521000.0,0.0105,1.05,0.05
8463,潤泰材,24.85,534,0,534000,0,13269900.0,0.0,,,0.00
8464,億豐,374.0,1831,1,1831000,1000,684794000.0,374000.0,0.0005,0.05,0.24
8466,美吉吉-KY,23.55,827,1,827000,1000,19475850.0,23550.0,0.0012,0.12,0.01
8467,波力-KY,156.0,605,0,605000,0,94380000.0,0.0,,,0.03
8473,山林水,40.0,2565,15,2565000,15000,102600000.0,600000.0,0.0058,0.58,0.04
8476,台境*,18.45,7843,0,7843000,0,144703350.0,0.0,,,0.05
8478,東哥遊艇,198.0,1233,3,1233000,3000,244134000.0,594000.0,0.0024,0.24,0.09
8481,政伸,41.3,11,0,11000,0,454300.0,0.0,,,0.00
8482,商億-KY,45.05,250,2,250000,2000,11262500.0,90100.0,0.008,0.80,0.00
8487,愛爾達-創,76.4,1,0,1000,0,76400.0,0.0,,,0.00
8488,吉源-KY,10.1,30,0,30000,0,303000.0,0.0,,,0.00
8499,鼎炫-KY,272.0,575,9,575000,9000,156400000.0,2448000.0,0.0157,1.57,0.06
8926,台汽電,49.65,2117,19,2117000,19000,105109050.0,943350.0,0.009,0.90,0.04
8940,新天地,21.1,80,0,80000,0,1688000.0,0.0,,,0.00
8996,高力,662.0,7627,1072,7627000,1072000,5049074000.0,709664000.0,0.1406,14.06,1.78
9103,美德醫療-DR,4.66,3051,12,3051000,12000,14217660.0,55920.0,0.0039,0.39,0.01
9105,泰金寶-DR,6.29,50707,168,50707000,168000,318947030.0,1056720.0,0.0033,0.33,0.11
912000,晨訊科-DR,2.88,6501,0,6501000,0,18722880.0,0.0,,,0.01
9136,巨騰-DR,7.19,8832,2,8832000,2000,63502080.0,14380.0,0.0002,0.02,0.02
9802,鈺齊-KY,100.5,3040,23,3040000,23000,305520000.0,2311500.0,0.0076,0.76,0.11
9902,台火,16.2,3240,154,3240000,154000,52488000.0,2494800.0,0.0475,4.75,0.02
9904,寶成,29.4,16018,37,16018000,37000,470929200.0,1087800.0,0.0023,0.23,0.17
9905,大華,20.2,131,0,131000,0,2646200.0,0.0,,,0.00
9906,欣巴巴,45.4,512,24,512000,24000,23244800.0,1089600.0,0.0469,4.69,0.01
9907,統一實,19.85,5332,34,5332000,34000,105840200.0,674900.0,0.0064,0.64,0.04
9908,大台北,29.9,13,0,13000,0,388700.0,0.0,,,0.00
9910,豐泰,121.5,588,2,588000,2000,71442000.0,243000.0,0.0034,0.34,0.03
9911,櫻花,85.9,357,0,357000,0,30666300.0,0.0,,,0.01
9914,美利達,100.5,1742,15,1742000,15000,175071000.0,1507500.0,0.0086,0.86,0.06
9917,中保科,109.0,131,0,131000,0,14279000.0,0.0,,,0.01
9918,欣天然,39.6,2,0,2000,0,79200.0,0.0,,,0.00
9919,康那香,16.95,9829,14,9829000,14000,166601550.0,237300.0,0.0014,0.14,0.06
9921,巨大,100.5,1317,127,1317000,127000,132358500.0,12763500.0,0.0964,9.64,0.05
9924,福興,51.5,629,0,629000,0,32393500.0,0.0,,,0.01
9925,新保,40.8,82,0,82000,0,3345600.0,0.0,,,0.00
9926,新海,49.6,2,0,2000,0,99200.0,0.0,,,0.00
9928,中視,17.65,505,0,505000,0,8913250.0,0.0,,,0.00
9930,中聯資源,71.2,22,0,22000,0,1566400.0,0.0,,,0.00
9931,欣高,34.0,32,0,32000,0,1088000.0,0.0,,,0.00
9933,中鼎,32.35,6192,15,6192000,15000,200311200.0,485250.0,0.0024,0.24,0.07
9934,成霖,10.1,5506,0,5506000,0,55610600.0,0.0,,,0.02
9935,慶豐富,19.5,1607,1,1607000,1000,31336500.0,19500.0,0.0006,0.06,0.01
9937,全國,57.1,685,0,685000,0,39113500.0,0.0,,,0.01
9938,百和,57.3,2731,6,2731000,6000,156486300.0,343800.0,0.0022,0.22,0.06
9939,宏全,126.5,1011,12,1011000,12000,127891500.0,1518000.0,0.0119,1.19,0.05
9940,信義,23.05,469,0,469000,0,10810450.0,0.0,,,0.00
9941,裕融,94.9,937,4,937000,4000,88921300.0,379600.0,0.0043,0.43,0.03
9942,茂順,106.0,231,0,231000,0,24486000.0,0.0,,,0.01
9943,好樂迪,60.8,108,0,108000,0,6566400.0,0.0,,,0.00
9944,新麗,16.85,5574,0,5574000,0,93921900.0,0.0,,,0.03
9945,潤泰新,30.15,24466,13,24466000,13000,737649900.0,391950.0,0.0005,0.05,0.26
9946,三發地產,16.75,2651,0,2651000,0,44404250.0,0.0,,,0.02
9955,佳龍,28.25,2152,90,2152000,90000,60794000.0,2542500.0,0.0418,4.18,0.02
9958,世紀鋼,152.5,16194,105,16194000,105000,2469585000.0,16012500.0,0.0065,0.65,0.87
